"model","AgeDecade","DirectChol","pred_BMI"
"pooled","pooled",0.83,31.8950293026033
"pooled","pooled",0.840588235294118,31.8304892961512
"pooled","pooled",0.851176470588235,31.7659492896992
"pooled","pooled",0.861764705882353,31.7014092832471
"pooled","pooled",0.872352941176471,31.636869276795
"pooled","pooled",0.882941176470588,31.572329270343
"pooled","pooled",0.893529411764706,31.5077892638909
"pooled","pooled",0.904117647058823,31.4432492574388
"pooled","pooled",0.914705882352941,31.3787092509868
"pooled","pooled",0.925294117647059,31.3141692445347
"pooled","pooled",0.935882352941176,31.2496292380826
"pooled","pooled",0.946470588235294,31.1850892316305
"pooled","pooled",0.957058823529412,31.1205492251785
"pooled","pooled",0.967647058823529,31.0560092187264
"pooled","pooled",0.978235294117647,30.9914692122743
"pooled","pooled",0.988823529411765,30.9269292058223
"pooled","pooled",0.999411764705882,30.8623891993702
"pooled","pooled",1.01,30.7978491929181
"pooled","pooled",1.02058823529412,30.7333091864661
"pooled","pooled",1.03117647058824,30.668769180014
"pooled","pooled",1.04176470588235,30.6042291735619
"pooled","pooled",1.05235294117647,30.5396891671099
"pooled","pooled",1.06294117647059,30.4751491606578
"pooled","pooled",1.07352941176471,30.4106091542057
"pooled","pooled",1.08411764705882,30.3460691477537
"pooled","pooled",1.09470588235294,30.2815291413016
"pooled","pooled",1.10529411764706,30.2169891348495
"pooled","pooled",1.11588235294118,30.1524491283975
"pooled","pooled",1.12647058823529,30.0879091219454
"pooled","pooled",1.13705882352941,30.0233691154933
"pooled","pooled",1.14764705882353,29.9588291090413
"pooled","pooled",1.15823529411765,29.8942891025892
"pooled","pooled",1.16882352941176,29.8297490961371
"pooled","pooled",1.17941176470588,29.7652090896851
"pooled","pooled",1.19,29.700669083233
"pooled","pooled",1.20058823529412,29.6361290767809
"pooled","pooled",1.21117647058824,29.5715890703289
"pooled","pooled",1.22176470588235,29.5070490638768
"pooled","pooled",1.23235294117647,29.4425090574247
"pooled","pooled",1.24294117647059,29.3779690509727
"pooled","pooled",1.25352941176471,29.3134290445206
"pooled","pooled",1.26411764705882,29.2488890380685
"pooled","pooled",1.27470588235294,29.1843490316165
"pooled","pooled",1.28529411764706,29.1198090251644
"pooled","pooled",1.29588235294118,29.0552690187123
"pooled","pooled",1.30647058823529,28.9907290122603
"pooled","pooled",1.31705882352941,28.9261890058082
"pooled","pooled",1.32764705882353,28.8616489993561
"pooled","pooled",1.33823529411765,28.7971089929041
"pooled","pooled",1.34882352941176,28.732568986452
"pooled","pooled",1.35941176470588,28.6680289799999
"pooled","pooled",1.37,28.6034889735478
"pooled","pooled",1.38058823529412,28.5389489670958
"pooled","pooled",1.39117647058824,28.4744089606437
"pooled","pooled",1.40176470588235,28.4098689541916
"pooled","pooled",1.41235294117647,28.3453289477396
"pooled","pooled",1.42294117647059,28.2807889412875
"pooled","pooled",1.43352941176471,28.2162489348354
"pooled","pooled",1.44411764705882,28.1517089283834
"pooled","pooled",1.45470588235294,28.0871689219313
"pooled","pooled",1.46529411764706,28.0226289154792
"pooled","pooled",1.47588235294118,27.9580889090272
"pooled","pooled",1.48647058823529,27.8935489025751
"pooled","pooled",1.49705882352941,27.829008896123
"pooled","pooled",1.50764705882353,27.764468889671
"pooled","pooled",1.51823529411765,27.6999288832189
"pooled","pooled",1.52882352941176,27.6353888767668
"pooled","pooled",1.53941176470588,27.5708488703148
"pooled","pooled",1.55,27.5063088638627
"pooled","pooled",1.56058823529412,27.4417688574106
"pooled","pooled",1.57117647058823,27.3772288509586
"pooled","pooled",1.58176470588235,27.3126888445065
"pooled","pooled",1.59235294117647,27.2481488380544
"pooled","pooled",1.60294117647059,27.1836088316024
"pooled","pooled",1.61352941176471,27.1190688251503
"pooled","pooled",1.62411764705882,27.0545288186982
"pooled","pooled",1.63470588235294,26.9899888122462
"pooled","pooled",1.64529411764706,26.9254488057941
"pooled","pooled",1.65588235294118,26.860908799342
"pooled","pooled",1.66647058823529,26.79636879289
"pooled","pooled",1.67705882352941,26.7318287864379
"pooled","pooled",1.68764705882353,26.6672887799858
"pooled","pooled",1.69823529411765,26.6027487735338
"pooled","pooled",1.70882352941176,26.5382087670817
"pooled","pooled",1.71941176470588,26.4736687606296
"pooled","pooled",1.73,26.4091287541776
"pooled","pooled",1.74058823529412,26.3445887477255
"pooled","pooled",1.75117647058824,26.2800487412734
"pooled","pooled",1.76176470588235,26.2155087348213
"pooled","pooled",1.77235294117647,26.1509687283693
"pooled","pooled",1.78294117647059,26.0864287219172
"pooled","pooled",1.79352941176471,26.0218887154651
"pooled","pooled",1.80411764705882,25.9573487090131
"pooled","pooled",1.81470588235294,25.892808702561
"pooled","pooled",1.82529411764706,25.8282686961089
"pooled","pooled",1.83588235294118,25.7637286896569
"pooled","pooled",1.84647058823529,25.6991886832048
"pooled","pooled",1.85705882352941,25.6346486767527
"pooled","pooled",1.86764705882353,25.5701086703007
"pooled","pooled",1.87823529411765,25.5055686638486
"pooled","pooled",1.88882352941176,25.4410286573965
"pooled","pooled",1.89941176470588,25.3764886509445
"pooled","pooled",1.91,25.3119486444924
"pooled","pooled",1.92058823529412,25.2474086380403
"pooled","pooled",1.93117647058823,25.1828686315883
"pooled","pooled",1.94176470588235,25.1183286251362
"pooled","pooled",1.95235294117647,25.0537886186841
"pooled","pooled",1.96294117647059,24.9892486122321
"pooled","pooled",1.97352941176471,24.92470860578
"pooled","pooled",1.98411764705882,24.8601685993279
"pooled","pooled",1.99470588235294,24.7956285928759
"pooled","pooled",2.00529411764706,24.7310885864238
"pooled","pooled",2.01588235294118,24.6665485799717
"pooled","pooled",2.02647058823529,24.6020085735197
"pooled","pooled",2.03705882352941,24.5374685670676
"pooled","pooled",2.04764705882353,24.4729285606155
"pooled","pooled",2.05823529411765,24.4083885541635
"pooled","pooled",2.06882352941176,24.3438485477114
"pooled","pooled",2.07941176470588,24.2793085412593
"pooled","pooled",2.09,24.2147685348073
"group"," 0-9",0.83,22.2228668479377
"group"," 0-9",0.840588235294118,22.192532871657
"group"," 0-9",0.851176470588235,22.1621988953762
"group"," 0-9",0.861764705882353,22.1318649190954
"group"," 0-9",0.872352941176471,22.1015309428147
"group"," 0-9",0.882941176470588,22.0711969665339
"group"," 0-9",0.893529411764706,22.0408629902531
"group"," 0-9",0.904117647058823,22.0105290139724
"group"," 0-9",0.914705882352941,21.9801950376916
"group"," 0-9",0.925294117647059,21.9498610614108
"group"," 0-9",0.935882352941176,21.91952708513
"group"," 0-9",0.946470588235294,21.8891931088493
"group"," 0-9",0.957058823529412,21.8588591325685
"group"," 0-9",0.967647058823529,21.8285251562877
"group"," 0-9",0.978235294117647,21.798191180007
"group"," 0-9",0.988823529411765,21.7678572037262
"group"," 0-9",0.999411764705882,21.7375232274454
"group"," 0-9",1.01,21.7071892511647
"group"," 0-9",1.02058823529412,21.6768552748839
"group"," 0-9",1.03117647058824,21.6465212986031
"group"," 0-9",1.04176470588235,21.6161873223224
"group"," 0-9",1.05235294117647,21.5858533460416
"group"," 0-9",1.06294117647059,21.5555193697608
"group"," 0-9",1.07352941176471,21.5251853934801
"group"," 0-9",1.08411764705882,21.4948514171993
"group"," 0-9",1.09470588235294,21.4645174409185
"group"," 0-9",1.10529411764706,21.4341834646377
"group"," 0-9",1.11588235294118,21.403849488357
"group"," 0-9",1.12647058823529,21.3735155120762
"group"," 0-9",1.13705882352941,21.3431815357954
"group"," 0-9",1.14764705882353,21.3128475595147
"group"," 0-9",1.15823529411765,21.2825135832339
"group"," 0-9",1.16882352941176,21.2521796069531
"group"," 0-9",1.17941176470588,21.2218456306724
"group"," 0-9",1.19,21.1915116543916
"group"," 0-9",1.20058823529412,21.1611776781108
"group"," 0-9",1.21117647058824,21.1308437018301
"group"," 0-9",1.22176470588235,21.1005097255493
"group"," 0-9",1.23235294117647,21.0701757492685
"group"," 0-9",1.24294117647059,21.0398417729877
"group"," 0-9",1.25352941176471,21.009507796707
"group"," 0-9",1.26411764705882,20.9791738204262
"group"," 0-9",1.27470588235294,20.9488398441454
"group"," 0-9",1.28529411764706,20.9185058678647
"group"," 0-9",1.29588235294118,20.8881718915839
"group"," 0-9",1.30647058823529,20.8578379153031
"group"," 0-9",1.31705882352941,20.8275039390224
"group"," 0-9",1.32764705882353,20.7971699627416
"group"," 0-9",1.33823529411765,20.7668359864608
"group"," 0-9",1.34882352941176,20.7365020101801
"group"," 0-9",1.35941176470588,20.7061680338993
"group"," 0-9",1.37,20.6758340576185
"group"," 0-9",1.38058823529412,20.6455000813378
"group"," 0-9",1.39117647058824,20.615166105057
"group"," 0-9",1.40176470588235,20.5848321287762
"group"," 0-9",1.41235294117647,20.5544981524954
"group"," 0-9",1.42294117647059,20.5241641762147
"group"," 0-9",1.43352941176471,20.4938301999339
"group"," 0-9",1.44411764705882,20.4634962236531
"group"," 0-9",1.45470588235294,20.4331622473724
"group"," 0-9",1.46529411764706,20.4028282710916
"group"," 0-9",1.47588235294118,20.3724942948108
"group"," 0-9",1.48647058823529,20.3421603185301
"group"," 0-9",1.49705882352941,20.3118263422493
"group"," 0-9",1.50764705882353,20.2814923659685
"group"," 0-9",1.51823529411765,20.2511583896878
"group"," 0-9",1.52882352941176,20.220824413407
"group"," 0-9",1.53941176470588,20.1904904371262
"group"," 0-9",1.55,20.1601564608455
"group"," 0-9",1.56058823529412,20.1298224845647
"group"," 0-9",1.57117647058823,20.0994885082839
"group"," 0-9",1.58176470588235,20.0691545320031
"group"," 0-9",1.59235294117647,20.0388205557224
"group"," 0-9",1.60294117647059,20.0084865794416
"group"," 0-9",1.61352941176471,19.9781526031608
"group"," 0-9",1.62411764705882,19.9478186268801
"group"," 0-9",1.63470588235294,19.9174846505993
"group"," 0-9",1.64529411764706,19.8871506743185
"group"," 0-9",1.65588235294118,19.8568166980378
"group"," 0-9",1.66647058823529,19.826482721757
"group"," 0-9",1.67705882352941,19.7961487454762
"group"," 0-9",1.68764705882353,19.7658147691955
"group"," 0-9",1.69823529411765,19.7354807929147
"group"," 0-9",1.70882352941176,19.7051468166339
"group"," 0-9",1.71941176470588,19.6748128403532
"group"," 0-9",1.73,19.6444788640724
"group"," 0-9",1.74058823529412,19.6141448877916
"group"," 0-9",1.75117647058824,19.5838109115108
"group"," 0-9",1.76176470588235,19.5534769352301
"group"," 0-9",1.77235294117647,19.5231429589493
"group"," 0-9",1.78294117647059,19.4928089826685
"group"," 0-9",1.79352941176471,19.4624750063878
"group"," 0-9",1.80411764705882,19.432141030107
"group"," 0-9",1.81470588235294,19.4018070538262
"group"," 0-9",1.82529411764706,19.3714730775455
"group"," 0-9",1.83588235294118,19.3411391012647
"group"," 0-9",1.84647058823529,19.3108051249839
"group"," 0-9",1.85705882352941,19.2804711487032
"group"," 0-9",1.86764705882353,19.2501371724224
"group"," 0-9",1.87823529411765,19.2198031961416
"group"," 0-9",1.88882352941176,19.1894692198609
"group"," 0-9",1.89941176470588,19.1591352435801
"group"," 0-9",1.91,19.1288012672993
"group"," 0-9",1.92058823529412,19.0984672910185
"group"," 0-9",1.93117647058823,19.0681333147378
"group"," 0-9",1.94176470588235,19.037799338457
"group"," 0-9",1.95235294117647,19.0074653621762
"group"," 0-9",1.96294117647059,18.9771313858955
"group"," 0-9",1.97352941176471,18.9467974096147
"group"," 0-9",1.98411764705882,18.9164634333339
"group"," 0-9",1.99470588235294,18.8861294570532
"group"," 0-9",2.00529411764706,18.8557954807724
"group"," 0-9",2.01588235294118,18.8254615044916
"group"," 0-9",2.02647058823529,18.7951275282109
"group"," 0-9",2.03705882352941,18.7647935519301
"group"," 0-9",2.04764705882353,18.7344595756493
"group"," 0-9",2.05823529411765,18.7041255993686
"group"," 0-9",2.06882352941176,18.6737916230878
"group"," 0-9",2.07941176470588,18.643457646807
"group"," 0-9",2.09,18.6131236705262
"group"," 10-19",0.83,29.8488592875307
"group"," 10-19",0.840588235294118,29.7754930279769
"group"," 10-19",0.851176470588235,29.7021267684231
"group"," 10-19",0.861764705882353,29.6287605088693
"group"," 10-19",0.872352941176471,29.5553942493155
"group"," 10-19",0.882941176470588,29.4820279897616
"group"," 10-19",0.893529411764706,29.4086617302078
"group"," 10-19",0.904117647058823,29.335295470654
"group"," 10-19",0.914705882352941,29.2619292111002
"group"," 10-19",0.925294117647059,29.1885629515464
"group"," 10-19",0.935882352941176,29.1151966919926
"group"," 10-19",0.946470588235294,29.0418304324388
"group"," 10-19",0.957058823529412,28.9684641728849
"group"," 10-19",0.967647058823529,28.8950979133311
"group"," 10-19",0.978235294117647,28.8217316537773
"group"," 10-19",0.988823529411765,28.7483653942235
"group"," 10-19",0.999411764705882,28.6749991346697
"group"," 10-19",1.01,28.6016328751159
"group"," 10-19",1.02058823529412,28.5282666155621
"group"," 10-19",1.03117647058824,28.4549003560082
"group"," 10-19",1.04176470588235,28.3815340964544
"group"," 10-19",1.05235294117647,28.3081678369006
"group"," 10-19",1.06294117647059,28.2348015773468
"group"," 10-19",1.07352941176471,28.161435317793
"group"," 10-19",1.08411764705882,28.0880690582392
"group"," 10-19",1.09470588235294,28.0147027986854
"group"," 10-19",1.10529411764706,27.9413365391315
"group"," 10-19",1.11588235294118,27.8679702795777
"group"," 10-19",1.12647058823529,27.7946040200239
"group"," 10-19",1.13705882352941,27.7212377604701
"group"," 10-19",1.14764705882353,27.6478715009163
"group"," 10-19",1.15823529411765,27.5745052413625
"group"," 10-19",1.16882352941176,27.5011389818087
"group"," 10-19",1.17941176470588,27.4277727222548
"group"," 10-19",1.19,27.354406462701
"group"," 10-19",1.20058823529412,27.2810402031472
"group"," 10-19",1.21117647058824,27.2076739435934
"group"," 10-19",1.22176470588235,27.1343076840396
"group"," 10-19",1.23235294117647,27.0609414244858
"group"," 10-19",1.24294117647059,26.987575164932
"group"," 10-19",1.25352941176471,26.9142089053781
"group"," 10-19",1.26411764705882,26.8408426458243
"group"," 10-19",1.27470588235294,26.7674763862705
"group"," 10-19",1.28529411764706,26.6941101267167
"group"," 10-19",1.29588235294118,26.6207438671629
"group"," 10-19",1.30647058823529,26.5473776076091
"group"," 10-19",1.31705882352941,26.4740113480553
"group"," 10-19",1.32764705882353,26.4006450885014
"group"," 10-19",1.33823529411765,26.3272788289476
"group"," 10-19",1.34882352941176,26.2539125693938
"group"," 10-19",1.35941176470588,26.18054630984
"group"," 10-19",1.37,26.1071800502862
"group"," 10-19",1.38058823529412,26.0338137907324
"group"," 10-19",1.39117647058824,25.9604475311786
"group"," 10-19",1.40176470588235,25.8870812716247
"group"," 10-19",1.41235294117647,25.8137150120709
"group"," 10-19",1.42294117647059,25.7403487525171
"group"," 10-19",1.43352941176471,25.6669824929633
"group"," 10-19",1.44411764705882,25.5936162334095
"group"," 10-19",1.45470588235294,25.5202499738557
"group"," 10-19",1.46529411764706,25.4468837143019
"group"," 10-19",1.47588235294118,25.373517454748
"group"," 10-19",1.48647058823529,25.3001511951942
"group"," 10-19",1.49705882352941,25.2267849356404
"group"," 10-19",1.50764705882353,25.1534186760866
"group"," 10-19",1.51823529411765,25.0800524165328
"group"," 10-19",1.52882352941176,25.006686156979
"group"," 10-19",1.53941176470588,24.9333198974252
"group"," 10-19",1.55,24.8599536378713
"group"," 10-19",1.56058823529412,24.7865873783175
"group"," 10-19",1.57117647058823,24.7132211187637
"group"," 10-19",1.58176470588235,24.6398548592099
"group"," 10-19",1.59235294117647,24.5664885996561
"group"," 10-19",1.60294117647059,24.4931223401023
"group"," 10-19",1.61352941176471,24.4197560805484
"group"," 10-19",1.62411764705882,24.3463898209946
"group"," 10-19",1.63470588235294,24.2730235614408
"group"," 10-19",1.64529411764706,24.199657301887
"group"," 10-19",1.65588235294118,24.1262910423332
"group"," 10-19",1.66647058823529,24.0529247827794
"group"," 10-19",1.67705882352941,23.9795585232256
"group"," 10-19",1.68764705882353,23.9061922636717
"group"," 10-19",1.69823529411765,23.8328260041179
"group"," 10-19",1.70882352941176,23.7594597445641
"group"," 10-19",1.71941176470588,23.6860934850103
"group"," 10-19",1.73,23.6127272254565
"group"," 10-19",1.74058823529412,23.5393609659027
"group"," 10-19",1.75117647058824,23.4659947063489
"group"," 10-19",1.76176470588235,23.392628446795
"group"," 10-19",1.77235294117647,23.3192621872412
"group"," 10-19",1.78294117647059,23.2458959276874
"group"," 10-19",1.79352941176471,23.1725296681336
"group"," 10-19",1.80411764705882,23.0991634085798
"group"," 10-19",1.81470588235294,23.025797149026
"group"," 10-19",1.82529411764706,22.9524308894722
"group"," 10-19",1.83588235294118,22.8790646299183
"group"," 10-19",1.84647058823529,22.8056983703645
"group"," 10-19",1.85705882352941,22.7323321108107
"group"," 10-19",1.86764705882353,22.6589658512569
"group"," 10-19",1.87823529411765,22.5855995917031
"group"," 10-19",1.88882352941176,22.5122333321493
"group"," 10-19",1.89941176470588,22.4388670725955
"group"," 10-19",1.91,22.3655008130416
"group"," 10-19",1.92058823529412,22.2921345534878
"group"," 10-19",1.93117647058823,22.218768293934
"group"," 10-19",1.94176470588235,22.1454020343802
"group"," 10-19",1.95235294117647,22.0720357748264
"group"," 10-19",1.96294117647059,21.9986695152726
"group"," 10-19",1.97352941176471,21.9253032557188
"group"," 10-19",1.98411764705882,21.8519369961649
"group"," 10-19",1.99470588235294,21.7785707366111
"group"," 10-19",2.00529411764706,21.7052044770573
"group"," 10-19",2.01588235294118,21.6318382175035
"group"," 10-19",2.02647058823529,21.5584719579497
"group"," 10-19",2.03705882352941,21.4851056983959
"group"," 10-19",2.04764705882353,21.4117394388421
"group"," 10-19",2.05823529411765,21.3383731792882
"group"," 10-19",2.06882352941176,21.2650069197344
"group"," 10-19",2.07941176470588,21.1916406601806
"group"," 10-19",2.09,21.1182744006268
"group"," 20-29",0.83,32.7556317475401
"group"," 20-29",0.840588235294118,32.6820994295581
"group"," 20-29",0.851176470588235,32.6085671115761
"group"," 20-29",0.861764705882353,32.5350347935941
"group"," 20-29",0.872352941176471,32.4615024756121
"group"," 20-29",0.882941176470588,32.3879701576301
"group"," 20-29",0.893529411764706,32.3144378396481
"group"," 20-29",0.904117647058823,32.2409055216661
"group"," 20-29",0.914705882352941,32.1673732036841
"group"," 20-29",0.925294117647059,32.0938408857021
"group"," 20-29",0.935882352941176,32.0203085677201
"group"," 20-29",0.946470588235294,31.9467762497381
"group"," 20-29",0.957058823529412,31.873243931756
"group"," 20-29",0.967647058823529,31.799711613774
"group"," 20-29",0.978235294117647,31.726179295792
"group"," 20-29",0.988823529411765,31.65264697781
"group"," 20-29",0.999411764705882,31.579114659828
"group"," 20-29",1.01,31.505582341846
"group"," 20-29",1.02058823529412,31.432050023864
"group"," 20-29",1.03117647058824,31.358517705882
"group"," 20-29",1.04176470588235,31.2849853879
"group"," 20-29",1.05235294117647,31.211453069918
"group"," 20-29",1.06294117647059,31.137920751936
"group"," 20-29",1.07352941176471,31.064388433954
"group"," 20-29",1.08411764705882,30.990856115972
"group"," 20-29",1.09470588235294,30.91732379799
"group"," 20-29",1.10529411764706,30.843791480008
"group"," 20-29",1.11588235294118,30.7702591620259
"group"," 20-29",1.12647058823529,30.6967268440439
"group"," 20-29",1.13705882352941,30.6231945260619
"group"," 20-29",1.14764705882353,30.5496622080799
"group"," 20-29",1.15823529411765,30.4761298900979
"group"," 20-29",1.16882352941176,30.4025975721159
"group"," 20-29",1.17941176470588,30.3290652541339
"group"," 20-29",1.19,30.2555329361519
"group"," 20-29",1.20058823529412,30.1820006181699
"group"," 20-29",1.21117647058824,30.1084683001879
"group"," 20-29",1.22176470588235,30.0349359822059
"group"," 20-29",1.23235294117647,29.9614036642239
"group"," 20-29",1.24294117647059,29.8878713462419
"group"," 20-29",1.25352941176471,29.8143390282599
"group"," 20-29",1.26411764705882,29.7408067102779
"group"," 20-29",1.27470588235294,29.6672743922959
"group"," 20-29",1.28529411764706,29.5937420743138
"group"," 20-29",1.29588235294118,29.5202097563318
"group"," 20-29",1.30647058823529,29.4466774383498
"group"," 20-29",1.31705882352941,29.3731451203678
"group"," 20-29",1.32764705882353,29.2996128023858
"group"," 20-29",1.33823529411765,29.2260804844038
"group"," 20-29",1.34882352941176,29.1525481664218
"group"," 20-29",1.35941176470588,29.0790158484398
"group"," 20-29",1.37,29.0054835304578
"group"," 20-29",1.38058823529412,28.9319512124758
"group"," 20-29",1.39117647058824,28.8584188944938
"group"," 20-29",1.40176470588235,28.7848865765118
"group"," 20-29",1.41235294117647,28.7113542585298
"group"," 20-29",1.42294117647059,28.6378219405478
"group"," 20-29",1.43352941176471,28.5642896225658
"group"," 20-29",1.44411764705882,28.4907573045837
"group"," 20-29",1.45470588235294,28.4172249866017
"group"," 20-29",1.46529411764706,28.3436926686197
"group"," 20-29",1.47588235294118,28.2701603506377
"group"," 20-29",1.48647058823529,28.1966280326557
"group"," 20-29",1.49705882352941,28.1230957146737
"group"," 20-29",1.50764705882353,28.0495633966917
"group"," 20-29",1.51823529411765,27.9760310787097
"group"," 20-29",1.52882352941176,27.9024987607277
"group"," 20-29",1.53941176470588,27.8289664427457
"group"," 20-29",1.55,27.7554341247637
"group"," 20-29",1.56058823529412,27.6819018067817
"group"," 20-29",1.57117647058823,27.6083694887997
"group"," 20-29",1.58176470588235,27.5348371708177
"group"," 20-29",1.59235294117647,27.4613048528357
"group"," 20-29",1.60294117647059,27.3877725348536
"group"," 20-29",1.61352941176471,27.3142402168716
"group"," 20-29",1.62411764705882,27.2407078988896
"group"," 20-29",1.63470588235294,27.1671755809076
"group"," 20-29",1.64529411764706,27.0936432629256
"group"," 20-29",1.65588235294118,27.0201109449436
"group"," 20-29",1.66647058823529,26.9465786269616
"group"," 20-29",1.67705882352941,26.8730463089796
"group"," 20-29",1.68764705882353,26.7995139909976
"group"," 20-29",1.69823529411765,26.7259816730156
"group"," 20-29",1.70882352941176,26.6524493550336
"group"," 20-29",1.71941176470588,26.5789170370516
"group"," 20-29",1.73,26.5053847190696
"group"," 20-29",1.74058823529412,26.4318524010876
"group"," 20-29",1.75117647058824,26.3583200831056
"group"," 20-29",1.76176470588235,26.2847877651235
"group"," 20-29",1.77235294117647,26.2112554471415
"group"," 20-29",1.78294117647059,26.1377231291595
"group"," 20-29",1.79352941176471,26.0641908111775
"group"," 20-29",1.80411764705882,25.9906584931955
"group"," 20-29",1.81470588235294,25.9171261752135
"group"," 20-29",1.82529411764706,25.8435938572315
"group"," 20-29",1.83588235294118,25.7700615392495
"group"," 20-29",1.84647058823529,25.6965292212675
"group"," 20-29",1.85705882352941,25.6229969032855
"group"," 20-29",1.86764705882353,25.5494645853035
"group"," 20-29",1.87823529411765,25.4759322673215
"group"," 20-29",1.88882352941176,25.4023999493395
"group"," 20-29",1.89941176470588,25.3288676313575
"group"," 20-29",1.91,25.2553353133755
"group"," 20-29",1.92058823529412,25.1818029953935
"group"," 20-29",1.93117647058823,25.1082706774114
"group"," 20-29",1.94176470588235,25.0347383594294
"group"," 20-29",1.95235294117647,24.9612060414474
"group"," 20-29",1.96294117647059,24.8876737234654
"group"," 20-29",1.97352941176471,24.8141414054834
"group"," 20-29",1.98411764705882,24.7406090875014
"group"," 20-29",1.99470588235294,24.6670767695194
"group"," 20-29",2.00529411764706,24.5935444515374
"group"," 20-29",2.01588235294118,24.5200121335554
"group"," 20-29",2.02647058823529,24.4464798155734
"group"," 20-29",2.03705882352941,24.3729474975914
"group"," 20-29",2.04764705882353,24.2994151796094
"group"," 20-29",2.05823529411765,24.2258828616274
"group"," 20-29",2.06882352941176,24.1523505436454
"group"," 20-29",2.07941176470588,24.0788182256634
"group"," 20-29",2.09,24.0052859076813
"group"," 30-39",0.83,33.2133902191397
"group"," 30-39",0.840588235294118,33.1454429900543
"group"," 30-39",0.851176470588235,33.077495760969
"group"," 30-39",0.861764705882353,33.0095485318836
"group"," 30-39",0.872352941176471,32.9416013027982
"group"," 30-39",0.882941176470588,32.8736540737129
"group"," 30-39",0.893529411764706,32.8057068446275
"group"," 30-39",0.904117647058823,32.7377596155421
"group"," 30-39",0.914705882352941,32.6698123864568
"group"," 30-39",0.925294117647059,32.6018651573714
"group"," 30-39",0.935882352941176,32.5339179282861
"group"," 30-39",0.946470588235294,32.4659706992007
"group"," 30-39",0.957058823529412,32.3980234701153
"group"," 30-39",0.967647058823529,32.33007624103
"group"," 30-39",0.978235294117647,32.2621290119446
"group"," 30-39",0.988823529411765,32.1941817828592
"group"," 30-39",0.999411764705882,32.1262345537739
"group"," 30-39",1.01,32.0582873246885
"group"," 30-39",1.02058823529412,31.9903400956032
"group"," 30-39",1.03117647058824,31.9223928665178
"group"," 30-39",1.04176470588235,31.8544456374324
"group"," 30-39",1.05235294117647,31.7864984083471
"group"," 30-39",1.06294117647059,31.7185511792617
"group"," 30-39",1.07352941176471,31.6506039501763
"group"," 30-39",1.08411764705882,31.582656721091
"group"," 30-39",1.09470588235294,31.5147094920056
"group"," 30-39",1.10529411764706,31.4467622629203
"group"," 30-39",1.11588235294118,31.3788150338349
"group"," 30-39",1.12647058823529,31.3108678047495
"group"," 30-39",1.13705882352941,31.2429205756642
"group"," 30-39",1.14764705882353,31.1749733465788
"group"," 30-39",1.15823529411765,31.1070261174934
"group"," 30-39",1.16882352941176,31.0390788884081
"group"," 30-39",1.17941176470588,30.9711316593227
"group"," 30-39",1.19,30.9031844302374
"group"," 30-39",1.20058823529412,30.835237201152
"group"," 30-39",1.21117647058824,30.7672899720666
"group"," 30-39",1.22176470588235,30.6993427429813
"group"," 30-39",1.23235294117647,30.6313955138959
"group"," 30-39",1.24294117647059,30.5634482848105
"group"," 30-39",1.25352941176471,30.4955010557252
"group"," 30-39",1.26411764705882,30.4275538266398
"group"," 30-39",1.27470588235294,30.3596065975545
"group"," 30-39",1.28529411764706,30.2916593684691
"group"," 30-39",1.29588235294118,30.2237121393837
"group"," 30-39",1.30647058823529,30.1557649102984
"group"," 30-39",1.31705882352941,30.087817681213
"group"," 30-39",1.32764705882353,30.0198704521276
"group"," 30-39",1.33823529411765,29.9519232230423
"group"," 30-39",1.34882352941176,29.8839759939569
"group"," 30-39",1.35941176470588,29.8160287648716
"group"," 30-39",1.37,29.7480815357862
"group"," 30-39",1.38058823529412,29.6801343067008
"group"," 30-39",1.39117647058824,29.6121870776155
"group"," 30-39",1.40176470588235,29.5442398485301
"group"," 30-39",1.41235294117647,29.4762926194447
"group"," 30-39",1.42294117647059,29.4083453903594
"group"," 30-39",1.43352941176471,29.340398161274
"group"," 30-39",1.44411764705882,29.2724509321887
"group"," 30-39",1.45470588235294,29.2045037031033
"group"," 30-39",1.46529411764706,29.1365564740179
"group"," 30-39",1.47588235294118,29.0686092449326
"group"," 30-39",1.48647058823529,29.0006620158472
"group"," 30-39",1.49705882352941,28.9327147867618
"group"," 30-39",1.50764705882353,28.8647675576765
"group"," 30-39",1.51823529411765,28.7968203285911
"group"," 30-39",1.52882352941176,28.7288730995058
"group"," 30-39",1.53941176470588,28.6609258704204
"group"," 30-39",1.55,28.592978641335
"group"," 30-39",1.56058823529412,28.5250314122497
"group"," 30-39",1.57117647058823,28.4570841831643
"group"," 30-39",1.58176470588235,28.3891369540789
"group"," 30-39",1.59235294117647,28.3211897249936
"group"," 30-39",1.60294117647059,28.2532424959082
"group"," 30-39",1.61352941176471,28.1852952668229
"group"," 30-39",1.62411764705882,28.1173480377375
"group"," 30-39",1.63470588235294,28.0494008086521
"group"," 30-39",1.64529411764706,27.9814535795668
"group"," 30-39",1.65588235294118,27.9135063504814
"group"," 30-39",1.66647058823529,27.845559121396
"group"," 30-39",1.67705882352941,27.7776118923107
"group"," 30-39",1.68764705882353,27.7096646632253
"group"," 30-39",1.69823529411765,27.64171743414
"group"," 30-39",1.70882352941176,27.5737702050546
"group"," 30-39",1.71941176470588,27.5058229759692
"group"," 30-39",1.73,27.4378757468839
"group"," 30-39",1.74058823529412,27.3699285177985
"group"," 30-39",1.75117647058824,27.3019812887131
"group"," 30-39",1.76176470588235,27.2340340596278
"group"," 30-39",1.77235294117647,27.1660868305424
"group"," 30-39",1.78294117647059,27.098139601457
"group"," 30-39",1.79352941176471,27.0301923723717
"group"," 30-39",1.80411764705882,26.9622451432863
"group"," 30-39",1.81470588235294,26.894297914201
"group"," 30-39",1.82529411764706,26.8263506851156
"group"," 30-39",1.83588235294118,26.7584034560302
"group"," 30-39",1.84647058823529,26.6904562269449
"group"," 30-39",1.85705882352941,26.6225089978595
"group"," 30-39",1.86764705882353,26.5545617687741
"group"," 30-39",1.87823529411765,26.4866145396888
"group"," 30-39",1.88882352941176,26.4186673106034
"group"," 30-39",1.89941176470588,26.3507200815181
"group"," 30-39",1.91,26.2827728524327
"group"," 30-39",1.92058823529412,26.2148256233473
"group"," 30-39",1.93117647058823,26.146878394262
"group"," 30-39",1.94176470588235,26.0789311651766
"group"," 30-39",1.95235294117647,26.0109839360913
"group"," 30-39",1.96294117647059,25.9430367070059
"group"," 30-39",1.97352941176471,25.8750894779205
"group"," 30-39",1.98411764705882,25.8071422488352
"group"," 30-39",1.99470588235294,25.7391950197498
"group"," 30-39",2.00529411764706,25.6712477906644
"group"," 30-39",2.01588235294118,25.6033005615791
"group"," 30-39",2.02647058823529,25.5353533324937
"group"," 30-39",2.03705882352941,25.4674061034084
"group"," 30-39",2.04764705882353,25.399458874323
"group"," 30-39",2.05823529411765,25.3315116452376
"group"," 30-39",2.06882352941176,25.2635644161523
"group"," 30-39",2.07941176470588,25.1956171870669
"group"," 30-39",2.09,25.1276699579815
"group"," 40-49",0.83,32.8113846903202
"group"," 40-49",0.840588235294118,32.7509560966751
"group"," 40-49",0.851176470588235,32.6905275030301
"group"," 40-49",0.861764705882353,32.630098909385
"group"," 40-49",0.872352941176471,32.56967031574
"group"," 40-49",0.882941176470588,32.5092417220949
"group"," 40-49",0.893529411764706,32.4488131284499
"group"," 40-49",0.904117647058823,32.3883845348048
"group"," 40-49",0.914705882352941,32.3279559411598
"group"," 40-49",0.925294117647059,32.2675273475147
"group"," 40-49",0.935882352941176,32.2070987538696
"group"," 40-49",0.946470588235294,32.1466701602246
"group"," 40-49",0.957058823529412,32.0862415665795
"group"," 40-49",0.967647058823529,32.0258129729345
"group"," 40-49",0.978235294117647,31.9653843792894
"group"," 40-49",0.988823529411765,31.9049557856444
"group"," 40-49",0.999411764705882,31.8445271919993
"group"," 40-49",1.01,31.7840985983543
"group"," 40-49",1.02058823529412,31.7236700047092
"group"," 40-49",1.03117647058824,31.6632414110642
"group"," 40-49",1.04176470588235,31.6028128174191
"group"," 40-49",1.05235294117647,31.542384223774
"group"," 40-49",1.06294117647059,31.481955630129
"group"," 40-49",1.07352941176471,31.4215270364839
"group"," 40-49",1.08411764705882,31.3610984428389
"group"," 40-49",1.09470588235294,31.3006698491938
"group"," 40-49",1.10529411764706,31.2402412555488
"group"," 40-49",1.11588235294118,31.1798126619037
"group"," 40-49",1.12647058823529,31.1193840682587
"group"," 40-49",1.13705882352941,31.0589554746136
"group"," 40-49",1.14764705882353,30.9985268809686
"group"," 40-49",1.15823529411765,30.9380982873235
"group"," 40-49",1.16882352941176,30.8776696936784
"group"," 40-49",1.17941176470588,30.8172411000334
"group"," 40-49",1.19,30.7568125063883
"group"," 40-49",1.20058823529412,30.6963839127433
"group"," 40-49",1.21117647058824,30.6359553190982
"group"," 40-49",1.22176470588235,30.5755267254532
"group"," 40-49",1.23235294117647,30.5150981318081
"group"," 40-49",1.24294117647059,30.4546695381631
"group"," 40-49",1.25352941176471,30.394240944518
"group"," 40-49",1.26411764705882,30.3338123508729
"group"," 40-49",1.27470588235294,30.2733837572279
"group"," 40-49",1.28529411764706,30.2129551635828
"group"," 40-49",1.29588235294118,30.1525265699378
"group"," 40-49",1.30647058823529,30.0920979762927
"group"," 40-49",1.31705882352941,30.0316693826477
"group"," 40-49",1.32764705882353,29.9712407890026
"group"," 40-49",1.33823529411765,29.9108121953576
"group"," 40-49",1.34882352941176,29.8503836017125
"group"," 40-49",1.35941176470588,29.7899550080675
"group"," 40-49",1.37,29.7295264144224
"group"," 40-49",1.38058823529412,29.6690978207773
"group"," 40-49",1.39117647058824,29.6086692271323
"group"," 40-49",1.40176470588235,29.5482406334872
"group"," 40-49",1.41235294117647,29.4878120398422
"group"," 40-49",1.42294117647059,29.4273834461971
"group"," 40-49",1.43352941176471,29.3669548525521
"group"," 40-49",1.44411764705882,29.306526258907
"group"," 40-49",1.45470588235294,29.246097665262
"group"," 40-49",1.46529411764706,29.1856690716169
"group"," 40-49",1.47588235294118,29.1252404779719
"group"," 40-49",1.48647058823529,29.0648118843268
"group"," 40-49",1.49705882352941,29.0043832906817
"group"," 40-49",1.50764705882353,28.9439546970367
"group"," 40-49",1.51823529411765,28.8835261033916
"group"," 40-49",1.52882352941176,28.8230975097466
"group"," 40-49",1.53941176470588,28.7626689161015
"group"," 40-49",1.55,28.7022403224565
"group"," 40-49",1.56058823529412,28.6418117288114
"group"," 40-49",1.57117647058823,28.5813831351664
"group"," 40-49",1.58176470588235,28.5209545415213
"group"," 40-49",1.59235294117647,28.4605259478762
"group"," 40-49",1.60294117647059,28.4000973542312
"group"," 40-49",1.61352941176471,28.3396687605861
"group"," 40-49",1.62411764705882,28.2792401669411
"group"," 40-49",1.63470588235294,28.218811573296
"group"," 40-49",1.64529411764706,28.158382979651
"group"," 40-49",1.65588235294118,28.0979543860059
"group"," 40-49",1.66647058823529,28.0375257923609
"group"," 40-49",1.67705882352941,27.9770971987158
"group"," 40-49",1.68764705882353,27.9166686050708
"group"," 40-49",1.69823529411765,27.8562400114257
"group"," 40-49",1.70882352941176,27.7958114177806
"group"," 40-49",1.71941176470588,27.7353828241356
"group"," 40-49",1.73,27.6749542304905
"group"," 40-49",1.74058823529412,27.6145256368455
"group"," 40-49",1.75117647058824,27.5540970432004
"group"," 40-49",1.76176470588235,27.4936684495554
"group"," 40-49",1.77235294117647,27.4332398559103
"group"," 40-49",1.78294117647059,27.3728112622653
"group"," 40-49",1.79352941176471,27.3123826686202
"group"," 40-49",1.80411764705882,27.2519540749751
"group"," 40-49",1.81470588235294,27.1915254813301
"group"," 40-49",1.82529411764706,27.131096887685
"group"," 40-49",1.83588235294118,27.07066829404
"group"," 40-49",1.84647058823529,27.0102397003949
"group"," 40-49",1.85705882352941,26.9498111067499
"group"," 40-49",1.86764705882353,26.8893825131048
"group"," 40-49",1.87823529411765,26.8289539194598
"group"," 40-49",1.88882352941176,26.7685253258147
"group"," 40-49",1.89941176470588,26.7080967321697
"group"," 40-49",1.91,26.6476681385246
"group"," 40-49",1.92058823529412,26.5872395448795
"group"," 40-49",1.93117647058823,26.5268109512345
"group"," 40-49",1.94176470588235,26.4663823575894
"group"," 40-49",1.95235294117647,26.4059537639444
"group"," 40-49",1.96294117647059,26.3455251702993
"group"," 40-49",1.97352941176471,26.2850965766543
"group"," 40-49",1.98411764705882,26.2246679830092
"group"," 40-49",1.99470588235294,26.1642393893642
"group"," 40-49",2.00529411764706,26.1038107957191
"group"," 40-49",2.01588235294118,26.043382202074
"group"," 40-49",2.02647058823529,25.982953608429
"group"," 40-49",2.03705882352941,25.9225250147839
"group"," 40-49",2.04764705882353,25.8620964211389
"group"," 40-49",2.05823529411765,25.8016678274938
"group"," 40-49",2.06882352941176,25.7412392338488
"group"," 40-49",2.07941176470588,25.6808106402037
"group"," 40-49",2.09,25.6203820465587
"group"," 50-59",0.83,33.1449518339111
"group"," 50-59",0.840588235294118,33.0801161210905
"group"," 50-59",0.851176470588235,33.01528040827
"group"," 50-59",0.861764705882353,32.9504446954494
"group"," 50-59",0.872352941176471,32.8856089826289
"group"," 50-59",0.882941176470588,32.8207732698084
"group"," 50-59",0.893529411764706,32.7559375569878
"group"," 50-59",0.904117647058823,32.6911018441673
"group"," 50-59",0.914705882352941,32.6262661313467
"group"," 50-59",0.925294117647059,32.5614304185262
"group"," 50-59",0.935882352941176,32.4965947057056
"group"," 50-59",0.946470588235294,32.4317589928851
"group"," 50-59",0.957058823529412,32.3669232800645
"group"," 50-59",0.967647058823529,32.302087567244
"group"," 50-59",0.978235294117647,32.2372518544234
"group"," 50-59",0.988823529411765,32.1724161416029
"group"," 50-59",0.999411764705882,32.1075804287824
"group"," 50-59",1.01,32.0427447159618
"group"," 50-59",1.02058823529412,31.9779090031413
"group"," 50-59",1.03117647058824,31.9130732903207
"group"," 50-59",1.04176470588235,31.8482375775002
"group"," 50-59",1.05235294117647,31.7834018646796
"group"," 50-59",1.06294117647059,31.7185661518591
"group"," 50-59",1.07352941176471,31.6537304390385
"group"," 50-59",1.08411764705882,31.588894726218
"group"," 50-59",1.09470588235294,31.5240590133974
"group"," 50-59",1.10529411764706,31.4592233005769
"group"," 50-59",1.11588235294118,31.3943875877563
"group"," 50-59",1.12647058823529,31.3295518749358
"group"," 50-59",1.13705882352941,31.2647161621153
"group"," 50-59",1.14764705882353,31.1998804492947
"group"," 50-59",1.15823529411765,31.1350447364742
"group"," 50-59",1.16882352941176,31.0702090236536
"group"," 50-59",1.17941176470588,31.0053733108331
"group"," 50-59",1.19,30.9405375980125
"group"," 50-59",1.20058823529412,30.875701885192
"group"," 50-59",1.21117647058824,30.8108661723714
"group"," 50-59",1.22176470588235,30.7460304595509
"group"," 50-59",1.23235294117647,30.6811947467303
"group"," 50-59",1.24294117647059,30.6163590339098
"group"," 50-59",1.25352941176471,30.5515233210893
"group"," 50-59",1.26411764705882,30.4866876082687
"group"," 50-59",1.27470588235294,30.4218518954482
"group"," 50-59",1.28529411764706,30.3570161826276
"group"," 50-59",1.29588235294118,30.2921804698071
"group"," 50-59",1.30647058823529,30.2273447569865
"group"," 50-59",1.31705882352941,30.162509044166
"group"," 50-59",1.32764705882353,30.0976733313454
"group"," 50-59",1.33823529411765,30.0328376185249
"group"," 50-59",1.34882352941176,29.9680019057043
"group"," 50-59",1.35941176470588,29.9031661928838
"group"," 50-59",1.37,29.8383304800633
"group"," 50-59",1.38058823529412,29.7734947672427
"group"," 50-59",1.39117647058824,29.7086590544222
"group"," 50-59",1.40176470588235,29.6438233416016
"group"," 50-59",1.41235294117647,29.5789876287811
"group"," 50-59",1.42294117647059,29.5141519159605
"group"," 50-59",1.43352941176471,29.44931620314
"group"," 50-59",1.44411764705882,29.3844804903194
"group"," 50-59",1.45470588235294,29.3196447774989
"group"," 50-59",1.46529411764706,29.2548090646783
"group"," 50-59",1.47588235294118,29.1899733518578
"group"," 50-59",1.48647058823529,29.1251376390372
"group"," 50-59",1.49705882352941,29.0603019262167
"group"," 50-59",1.50764705882353,28.9954662133962
"group"," 50-59",1.51823529411765,28.9306305005756
"group"," 50-59",1.52882352941176,28.8657947877551
"group"," 50-59",1.53941176470588,28.8009590749345
"group"," 50-59",1.55,28.736123362114
"group"," 50-59",1.56058823529412,28.6712876492934
"group"," 50-59",1.57117647058823,28.6064519364729
"group"," 50-59",1.58176470588235,28.5416162236523
"group"," 50-59",1.59235294117647,28.4767805108318
"group"," 50-59",1.60294117647059,28.4119447980112
"group"," 50-59",1.61352941176471,28.3471090851907
"group"," 50-59",1.62411764705882,28.2822733723702
"group"," 50-59",1.63470588235294,28.2174376595496
"group"," 50-59",1.64529411764706,28.1526019467291
"group"," 50-59",1.65588235294118,28.0877662339085
"group"," 50-59",1.66647058823529,28.022930521088
"group"," 50-59",1.67705882352941,27.9580948082674
"group"," 50-59",1.68764705882353,27.8932590954469
"group"," 50-59",1.69823529411765,27.8284233826263
"group"," 50-59",1.70882352941176,27.7635876698058
"group"," 50-59",1.71941176470588,27.6987519569852
"group"," 50-59",1.73,27.6339162441647
"group"," 50-59",1.74058823529412,27.5690805313441
"group"," 50-59",1.75117647058824,27.5042448185236
"group"," 50-59",1.76176470588235,27.4394091057031
"group"," 50-59",1.77235294117647,27.3745733928825
"group"," 50-59",1.78294117647059,27.309737680062
"group"," 50-59",1.79352941176471,27.2449019672414
"group"," 50-59",1.80411764705882,27.1800662544209
"group"," 50-59",1.81470588235294,27.1152305416003
"group"," 50-59",1.82529411764706,27.0503948287798
"group"," 50-59",1.83588235294118,26.9855591159592
"group"," 50-59",1.84647058823529,26.9207234031387
"group"," 50-59",1.85705882352941,26.8558876903181
"group"," 50-59",1.86764705882353,26.7910519774976
"group"," 50-59",1.87823529411765,26.7262162646771
"group"," 50-59",1.88882352941176,26.6613805518565
"group"," 50-59",1.89941176470588,26.596544839036
"group"," 50-59",1.91,26.5317091262154
"group"," 50-59",1.92058823529412,26.4668734133949
"group"," 50-59",1.93117647058823,26.4020377005743
"group"," 50-59",1.94176470588235,26.3372019877538
"group"," 50-59",1.95235294117647,26.2723662749332
"group"," 50-59",1.96294117647059,26.2075305621127
"group"," 50-59",1.97352941176471,26.1426948492921
"group"," 50-59",1.98411764705882,26.0778591364716
"group"," 50-59",1.99470588235294,26.013023423651
"group"," 50-59",2.00529411764706,25.9481877108305
"group"," 50-59",2.01588235294118,25.88335199801
"group"," 50-59",2.02647058823529,25.8185162851894
"group"," 50-59",2.03705882352941,25.7536805723689
"group"," 50-59",2.04764705882353,25.6888448595483
"group"," 50-59",2.05823529411765,25.6240091467278
"group"," 50-59",2.06882352941176,25.5591734339072
"group"," 50-59",2.07941176470588,25.4943377210867
"group"," 50-59",2.09,25.4295020082661
"group"," 60-69",0.83,34.0439302405002
"group"," 60-69",0.840588235294118,33.9816756789225
"group"," 60-69",0.851176470588235,33.9194211173448
"group"," 60-69",0.861764705882353,33.8571665557671
"group"," 60-69",0.872352941176471,33.7949119941893
"group"," 60-69",0.882941176470588,33.7326574326116
"group"," 60-69",0.893529411764706,33.6704028710339
"group"," 60-69",0.904117647058823,33.6081483094562
"group"," 60-69",0.914705882352941,33.5458937478785
"group"," 60-69",0.925294117647059,33.4836391863008
"group"," 60-69",0.935882352941176,33.4213846247231
"group"," 60-69",0.946470588235294,33.3591300631454
"group"," 60-69",0.957058823529412,33.2968755015676
"group"," 60-69",0.967647058823529,33.2346209399899
"group"," 60-69",0.978235294117647,33.1723663784122
"group"," 60-69",0.988823529411765,33.1101118168345
"group"," 60-69",0.999411764705882,33.0478572552568
"group"," 60-69",1.01,32.9856026936791
"group"," 60-69",1.02058823529412,32.9233481321014
"group"," 60-69",1.03117647058824,32.8610935705236
"group"," 60-69",1.04176470588235,32.7988390089459
"group"," 60-69",1.05235294117647,32.7365844473682
"group"," 60-69",1.06294117647059,32.6743298857905
"group"," 60-69",1.07352941176471,32.6120753242128
"group"," 60-69",1.08411764705882,32.5498207626351
"group"," 60-69",1.09470588235294,32.4875662010574
"group"," 60-69",1.10529411764706,32.4253116394796
"group"," 60-69",1.11588235294118,32.3630570779019
"group"," 60-69",1.12647058823529,32.3008025163242
"group"," 60-69",1.13705882352941,32.2385479547465
"group"," 60-69",1.14764705882353,32.1762933931688
"group"," 60-69",1.15823529411765,32.1140388315911
"group"," 60-69",1.16882352941176,32.0517842700134
"group"," 60-69",1.17941176470588,31.9895297084357
"group"," 60-69",1.19,31.9272751468579
"group"," 60-69",1.20058823529412,31.8650205852802
"group"," 60-69",1.21117647058824,31.8027660237025
"group"," 60-69",1.22176470588235,31.7405114621248
"group"," 60-69",1.23235294117647,31.6782569005471
"group"," 60-69",1.24294117647059,31.6160023389694
"group"," 60-69",1.25352941176471,31.5537477773917
"group"," 60-69",1.26411764705882,31.4914932158139
"group"," 60-69",1.27470588235294,31.4292386542362
"group"," 60-69",1.28529411764706,31.3669840926585
"group"," 60-69",1.29588235294118,31.3047295310808
"group"," 60-69",1.30647058823529,31.2424749695031
"group"," 60-69",1.31705882352941,31.1802204079254
"group"," 60-69",1.32764705882353,31.1179658463477
"group"," 60-69",1.33823529411765,31.0557112847699
"group"," 60-69",1.34882352941176,30.9934567231922
"group"," 60-69",1.35941176470588,30.9312021616145
"group"," 60-69",1.37,30.8689476000368
"group"," 60-69",1.38058823529412,30.8066930384591
"group"," 60-69",1.39117647058824,30.7444384768814
"group"," 60-69",1.40176470588235,30.6821839153037
"group"," 60-69",1.41235294117647,30.619929353726
"group"," 60-69",1.42294117647059,30.5576747921482
"group"," 60-69",1.43352941176471,30.4954202305705
"group"," 60-69",1.44411764705882,30.4331656689928
"group"," 60-69",1.45470588235294,30.3709111074151
"group"," 60-69",1.46529411764706,30.3086565458374
"group"," 60-69",1.47588235294118,30.2464019842597
"group"," 60-69",1.48647058823529,30.184147422682
"group"," 60-69",1.49705882352941,30.1218928611042
"group"," 60-69",1.50764705882353,30.0596382995265
"group"," 60-69",1.51823529411765,29.9973837379488
"group"," 60-69",1.52882352941176,29.9351291763711
"group"," 60-69",1.53941176470588,29.8728746147934
"group"," 60-69",1.55,29.8106200532157
"group"," 60-69",1.56058823529412,29.748365491638
"group"," 60-69",1.57117647058823,29.6861109300602
"group"," 60-69",1.58176470588235,29.6238563684825
"group"," 60-69",1.59235294117647,29.5616018069048
"group"," 60-69",1.60294117647059,29.4993472453271
"group"," 60-69",1.61352941176471,29.4370926837494
"group"," 60-69",1.62411764705882,29.3748381221717
"group"," 60-69",1.63470588235294,29.312583560594
"group"," 60-69",1.64529411764706,29.2503289990162
"group"," 60-69",1.65588235294118,29.1880744374385
"group"," 60-69",1.66647058823529,29.1258198758608
"group"," 60-69",1.67705882352941,29.0635653142831
"group"," 60-69",1.68764705882353,29.0013107527054
"group"," 60-69",1.69823529411765,28.9390561911277
"group"," 60-69",1.70882352941176,28.87680162955
"group"," 60-69",1.71941176470588,28.8145470679722
"group"," 60-69",1.73,28.7522925063945
"group"," 60-69",1.74058823529412,28.6900379448168
"group"," 60-69",1.75117647058824,28.6277833832391
"group"," 60-69",1.76176470588235,28.5655288216614
"group"," 60-69",1.77235294117647,28.5032742600837
"group"," 60-69",1.78294117647059,28.441019698506
"group"," 60-69",1.79352941176471,28.3787651369283
"group"," 60-69",1.80411764705882,28.3165105753505
"group"," 60-69",1.81470588235294,28.2542560137728
"group"," 60-69",1.82529411764706,28.1920014521951
"group"," 60-69",1.83588235294118,28.1297468906174
"group"," 60-69",1.84647058823529,28.0674923290397
"group"," 60-69",1.85705882352941,28.005237767462
"group"," 60-69",1.86764705882353,27.9429832058843
"group"," 60-69",1.87823529411765,27.8807286443065
"group"," 60-69",1.88882352941176,27.8184740827288
"group"," 60-69",1.89941176470588,27.7562195211511
"group"," 60-69",1.91,27.6939649595734
"group"," 60-69",1.92058823529412,27.6317103979957
"group"," 60-69",1.93117647058823,27.569455836418
"group"," 60-69",1.94176470588235,27.5072012748403
"group"," 60-69",1.95235294117647,27.4449467132625
"group"," 60-69",1.96294117647059,27.3826921516848
"group"," 60-69",1.97352941176471,27.3204375901071
"group"," 60-69",1.98411764705882,27.2581830285294
"group"," 60-69",1.99470588235294,27.1959284669517
"group"," 60-69",2.00529411764706,27.133673905374
"group"," 60-69",2.01588235294118,27.0714193437963
"group"," 60-69",2.02647058823529,27.0091647822186
"group"," 60-69",2.03705882352941,26.9469102206408
"group"," 60-69",2.04764705882353,26.8846556590631
"group"," 60-69",2.05823529411765,26.8224010974854
"group"," 60-69",2.06882352941176,26.7601465359077
"group"," 60-69",2.07941176470588,26.69789197433
"group"," 60-69",2.09,26.6356374127523
"group"," 70+",0.83,33.5742852548399
"group"," 70+",0.840588235294118,33.5198912165346
"group"," 70+",0.851176470588235,33.4654971782293
"group"," 70+",0.861764705882353,33.4111031399239
"group"," 70+",0.872352941176471,33.3567091016186
"group"," 70+",0.882941176470588,33.3023150633132
"group"," 70+",0.893529411764706,33.2479210250079
"group"," 70+",0.904117647058823,33.1935269867025
"group"," 70+",0.914705882352941,33.1391329483972
"group"," 70+",0.925294117647059,33.0847389100918
"group"," 70+",0.935882352941176,33.0303448717865
"group"," 70+",0.946470588235294,32.9759508334811
"group"," 70+",0.957058823529412,32.9215567951758
"group"," 70+",0.967647058823529,32.8671627568704
"group"," 70+",0.978235294117647,32.8127687185651
"group"," 70+",0.988823529411765,32.7583746802598
"group"," 70+",0.999411764705882,32.7039806419544
"group"," 70+",1.01,32.6495866036491
"group"," 70+",1.02058823529412,32.5951925653437
"group"," 70+",1.03117647058824,32.5407985270384
"group"," 70+",1.04176470588235,32.486404488733
"group"," 70+",1.05235294117647,32.4320104504277
"group"," 70+",1.06294117647059,32.3776164121223
"group"," 70+",1.07352941176471,32.323222373817
"group"," 70+",1.08411764705882,32.2688283355116
"group"," 70+",1.09470588235294,32.2144342972063
"group"," 70+",1.10529411764706,32.1600402589009
"group"," 70+",1.11588235294118,32.1056462205956
"group"," 70+",1.12647058823529,32.0512521822903
"group"," 70+",1.13705882352941,31.9968581439849
"group"," 70+",1.14764705882353,31.9424641056796
"group"," 70+",1.15823529411765,31.8880700673742
"group"," 70+",1.16882352941176,31.8336760290689
"group"," 70+",1.17941176470588,31.7792819907635
"group"," 70+",1.19,31.7248879524582
"group"," 70+",1.20058823529412,31.6704939141528
"group"," 70+",1.21117647058824,31.6160998758475
"group"," 70+",1.22176470588235,31.5617058375421
"group"," 70+",1.23235294117647,31.5073117992368
"group"," 70+",1.24294117647059,31.4529177609314
"group"," 70+",1.25352941176471,31.3985237226261
"group"," 70+",1.26411764705882,31.3441296843208
"group"," 70+",1.27470588235294,31.2897356460154
"group"," 70+",1.28529411764706,31.2353416077101
"group"," 70+",1.29588235294118,31.1809475694047
"group"," 70+",1.30647058823529,31.1265535310994
"group"," 70+",1.31705882352941,31.072159492794
"group"," 70+",1.32764705882353,31.0177654544887
"group"," 70+",1.33823529411765,30.9633714161833
"group"," 70+",1.34882352941176,30.908977377878
"group"," 70+",1.35941176470588,30.8545833395726
"group"," 70+",1.37,30.8001893012673
"group"," 70+",1.38058823529412,30.7457952629619
"group"," 70+",1.39117647058824,30.6914012246566
"group"," 70+",1.40176470588235,30.6370071863512
"group"," 70+",1.41235294117647,30.5826131480459
"group"," 70+",1.42294117647059,30.5282191097406
"group"," 70+",1.43352941176471,30.4738250714352
"group"," 70+",1.44411764705882,30.4194310331299
"group"," 70+",1.45470588235294,30.3650369948245
"group"," 70+",1.46529411764706,30.3106429565192
"group"," 70+",1.47588235294118,30.2562489182138
"group"," 70+",1.48647058823529,30.2018548799085
"group"," 70+",1.49705882352941,30.1474608416031
"group"," 70+",1.50764705882353,30.0930668032978
"group"," 70+",1.51823529411765,30.0386727649924
"group"," 70+",1.52882352941176,29.9842787266871
"group"," 70+",1.53941176470588,29.9298846883817
"group"," 70+",1.55,29.8754906500764
"group"," 70+",1.56058823529412,29.8210966117711
"group"," 70+",1.57117647058823,29.7667025734657
"group"," 70+",1.58176470588235,29.7123085351604
"group"," 70+",1.59235294117647,29.657914496855
"group"," 70+",1.60294117647059,29.6035204585497
"group"," 70+",1.61352941176471,29.5491264202443
"group"," 70+",1.62411764705882,29.494732381939
"group"," 70+",1.63470588235294,29.4403383436336
"group"," 70+",1.64529411764706,29.3859443053283
"group"," 70+",1.65588235294118,29.3315502670229
"group"," 70+",1.66647058823529,29.2771562287176
"group"," 70+",1.67705882352941,29.2227621904122
"group"," 70+",1.68764705882353,29.1683681521069
"group"," 70+",1.69823529411765,29.1139741138016
"group"," 70+",1.70882352941176,29.0595800754962
"group"," 70+",1.71941176470588,29.0051860371909
"group"," 70+",1.73,28.9507919988855
"group"," 70+",1.74058823529412,28.8963979605802
"group"," 70+",1.75117647058824,28.8420039222748
"group"," 70+",1.76176470588235,28.7876098839695
"group"," 70+",1.77235294117647,28.7332158456641
"group"," 70+",1.78294117647059,28.6788218073588
"group"," 70+",1.79352941176471,28.6244277690534
"group"," 70+",1.80411764705882,28.5700337307481
"group"," 70+",1.81470588235294,28.5156396924427
"group"," 70+",1.82529411764706,28.4612456541374
"group"," 70+",1.83588235294118,28.406851615832
"group"," 70+",1.84647058823529,28.3524575775267
"group"," 70+",1.85705882352941,28.2980635392214
"group"," 70+",1.86764705882353,28.243669500916
"group"," 70+",1.87823529411765,28.1892754626107
"group"," 70+",1.88882352941176,28.1348814243053
"group"," 70+",1.89941176470588,28.080487386
"group"," 70+",1.91,28.0260933476946
"group"," 70+",1.92058823529412,27.9716993093893
"group"," 70+",1.93117647058823,27.9173052710839
"group"," 70+",1.94176470588235,27.8629112327786
"group"," 70+",1.95235294117647,27.8085171944732
"group"," 70+",1.96294117647059,27.7541231561679
"group"," 70+",1.97352941176471,27.6997291178625
"group"," 70+",1.98411764705882,27.6453350795572
"group"," 70+",1.99470588235294,27.5909410412519
"group"," 70+",2.00529411764706,27.5365470029465
"group"," 70+",2.01588235294118,27.4821529646412
"group"," 70+",2.02647058823529,27.4277589263358
"group"," 70+",2.03705882352941,27.3733648880305
"group"," 70+",2.04764705882353,27.3189708497251
"group"," 70+",2.05823529411765,27.2645768114198
"group"," 70+",2.06882352941176,27.2101827731144
"group"," 70+",2.07941176470588,27.1557887348091
"group"," 70+",2.09,27.1013946965037
