"G","total_n","pattern","n_per_group","avg_group_size","min_group_size","n_reps_used","mean_ssr","sd_ssr","ci_low_ssr","ci_high_ssr","mean_drift","sd_drift","ci_low_drift","ci_high_drift","mean_ctx","sd_ctx","ci_low_ctx","ci_high_ctx","mean_tpg","sd_tpg","ci_low_tpg","ci_high_tpg","mean_css","sd_css","ci_low_css","ci_high_css","objective"
2,100,"balanced","50,50",50,50,30,1,0,1,1,0.870332005190591,0.510273710005424,0.687732903162335,1.05293110721885,0.747424872287579,0.452591522238864,0.585467076057905,0.909382668517252,0.0143095095989216,0.013602919732183,0.00944176728855906,0.0191772519092841,0.175627294456072,0.0919396146081606,0.142727125901248,0.208527463010897,0.870332005190591
3,100,"balanced","34,33,33",33.3333333333333,33,30,0.977777777777778,0.0845693772341542,0.947515014795375,1.00804054076018,1.93405982442426,0.77365791116366,1.65720989646298,2.21090975238555,1.62592928822027,0.681066047064535,1.38221293329656,1.86964564314397,0.0348099360285957,0.019875600508998,0.027697543730006,0.0419223283271854,0.210856150025917,0.0718686487296878,0.185138284369296,0.236574015682538,1.95628204664649
5,100,"balanced","20,20,20,20,20",20,20,30,0.98,0.0610257153258729,0.958162228230379,1.00183777176962,3.60838242075591,1.30903934250513,3.13994870807541,4.07681613343642,2.86867661056173,1.00522537328543,2.5089613305094,3.22839189061405,0.0660890306761605,0.0236418624808689,0.0576288988397853,0.0745491625125357,0.255635284749757,0.0635845644868998,0.232881840567728,0.278388728931787,3.62838242075591
15,100,"balanced","7,7,7,7,7,7,7,7,7,7,6,6,6,6,6",6.66666666666667,6,30,0.754285714285714,0.101081801974624,0.71811405599713,0.790457372574299,15.2102027119589,5.53783477394761,13.2285139886795,17.1918914352382,10.6189301514203,4.10821950340731,9.14882268253035,12.0890376203102,0.258807978357295,0.0398096785832861,0.244562267832126,0.273053688882465,0.445423895578448,0.0609049162297431,0.423629351210212,0.467218439946683,15.4559169976731
40,100,"balanced","3,3,3,3,3,3,3,3,3,3,3,3,3,3,3,3,3,3,3,3,2,2,2,2,2,2,2,2,2,2,2,2,2,2,2,2,2,2,2,2",2.5,2,30,0.575641025641026,0.0683010567028941,0.551199806395384,0.600082244886667,561.818423776707,804.307391501919,274.000720134131,849.636127419284,323.278575491589,453.444015569712,161.015718441329,485.541432541849,0.908432596817957,0.0627130867368648,0.885991006943672,0.930874186692242,0.735483002114772,0.0398967830488656,0.721206121656907,0.749759882572638,562.242782751066
2,300,"balanced","150,150",150,150,30,1,0,1,1,1.24910564067671,0.522163017715127,1.06225200452498,1.43595927682844,1.1438691421238,0.482865625306753,0.971077897243894,1.31666038700371,0.00655149447681708,0.00456330274233694,0.00491853756233104,0.00818445139130312,0.0976856868548997,0.0525755250336534,0.0788717768462748,0.116499596863525,1.24910564067671
3,300,"balanced","100,100,100",100,100,30,1,0,1,1,1.62397740816914,0.450754478802607,1.46267698949052,1.78527782684777,1.4545433479619,0.405359423976214,1.30948734102797,1.59959935489583,0.00951764073300995,0.00451920416840968,0.00790046429053717,0.0111348171754827,0.118989580555145,0.0361886407412021,0.106039641780332,0.131939519329957,1.62397740816914
5,300,"balanced","60,60,60,60,60",60,60,30,1,0,1,1,3.08763118077456,0.863695010615939,2.77856189056347,3.39670047098565,2.70619434022333,0.743708444805886,2.44006169115752,2.97232698928915,0.0200775860398491,0.00910516383932826,0.0168193450051233,0.023335827074575,0.141001061381195,0.0386241638858726,0.12717958184215,0.15482254092024,3.08763118077456
15,300,"balanced","20,20,20,20,20,20,20,20,20,20,20,20,20,20,20",20,20,30,0.980634920634921,0.0378880518103957,0.967076855419088,0.994192985850753,8.43835211850833,1.48253630746192,7.90783331426903,8.96887092274764,6.77699741125801,1.13844886735843,6.36960871611531,7.18438610640071,0.0718963700547071,0.0187008953863883,0.0652043405855766,0.0785883995238377,0.244575966274742,0.0330744883299188,0.2327404126284,0.256411519921084,8.45771719787341
40,300,"balanced","8,8,8,8,8,8,8,8,8,8,8,8,8,8,8,8,8,8,8,8,7,7,7,7,7,7,7,7,7,7,7,7,7,7,7,7,7,7,7,7",7.5,7,30,0.813311965811966,0.0535941757305419,0.794133536332937,0.832490395290995,28.1006774432706,7.73318895102237,25.3333913170532,30.8679635694881,19.9287492029749,5.76993938389683,17.864002911723,21.9934954942268,0.238809696090841,0.0327155513882013,0.227102586379503,0.250516805802179,0.416496361881861,0.0322822361855127,0.404944312024392,0.428048411739331,28.2873654774586
2,1200,"balanced","600,600",600,600,30,1,0,1,1,0.798369574181428,0.385317172441766,0.660485594849659,0.936253553513198,0.767406226737612,0.372198496740069,0.634216705215367,0.900595748259857,0.00117108816665859,0.00116490094463405,0.000754233717230296,0.00158794261608688,0.0445382257678624,0.028227006814232,0.0344373211040312,0.0546391304316935,0.798369574181428
3,1200,"balanced","400,400,400",400,400,30,1,0,1,1,1.39851641318735,0.407417309552971,1.25272400135733,1.54430882501736,1.32950058770988,0.390275502183984,1.18984229286717,1.46915888255259,0.00184856835586257,0.000917668151183122,0.00152018502534729,0.00217695168637785,0.0516904675717599,0.0177250643680236,0.0453476347478629,0.058033300395657,1.39851641318735
5,1200,"balanced","240,240,240,240,240",240,240,30,1,0,1,1,3.1234348086003,0.948566202456689,2.78399475243691,3.4628748647637,2.90217473484012,0.873192051565165,2.5897069721715,3.21464249750874,0.00539275782751901,0.00196718275922874,0.00468881051783532,0.0060967051372027,0.0748326957677369,0.020021637048073,0.0676680449647886,0.0819973465706852,3.1234348086003
15,1200,"balanced","80,80,80,80,80,80,80,80,80,80,80,80,80,80,80",80,80,30,1,0,1,1,8.02085755817121,1.53920732451996,7.47005929092426,8.57165582541815,7.12962990857082,1.3417664475014,6.64948495177343,7.60977486536821,0.0175831735436608,0.00351255760164782,0.0163262209487944,0.0188401261385271,0.125481359403597,0.0166456057207577,0.119524805895687,0.131437912911506,8.02085755817121
40,1200,"balanced","30,30,30,30,30,30,30,30,30,30,30,30,30,30,30,30,30,30,30,30,30,30,30,30,30,30,30,30,30,30,30,30,30,30,30,30,30,30,30,30",30,30,30,0.993333333333333,0.0112444111277201,0.98930957248793,0.997357094178736,17.0601418058452,2.91790395689925,16.0159832848647,18.1043003268257,14.0977117757845,2.37897233843537,13.2464074576691,14.9490160938998,0.0504588589485812,0.00569705808948678,0.0484201928935888,0.0524975250035736,0.210162591217857,0.0187509767794465,0.203452640352383,0.216872542083332,17.0668084725118
2,3000,"balanced","1500,1500",1500,1500,30,1,0,1,1,0.775999919111275,0.387617135319747,0.637292908633705,0.914706929588845,0.75510777643053,0.380885073824932,0.618809803219919,0.891405749641142,0.000435538095945124,0.000339916909179231,0.00031390039217299,0.000557175799717259,0.0286650611177847,0.0183204948554612,0.0221091562304157,0.0352209660051538,0.775999919111275
3,3000,"balanced","1000,1000,1000",1000,1000,30,1,0,1,1,1.70952827832985,0.732043265804146,1.4475699599594,1.97148659670029,1.65013975088518,0.703855004154964,1.39826847239931,1.90201102937104,0.00107258104211176,0.000703742024647921,0.000820750192823268,0.00132441189140026,0.0346761002406477,0.0125351661749831,0.0301904486335866,0.0391617518477088,1.70952827832985
5,3000,"balanced","600,600,600,600,600",600,600,30,1,0,1,1,2.98965920239734,0.947030901637667,2.65076854657615,3.32854985821852,2.84906377846067,0.900572784836721,2.52679794622619,3.17132961069514,0.00204587048419785,0.000860962774847685,0.00173777891199972,0.00235396205639598,0.0498036193483728,0.0106813649694366,0.045981341983085,0.0536258967136607,2.98965920239734
15,3000,"balanced","200,200,200,200,200,200,200,200,200,200,200,200,200,200,200",200,200,30,1,0,1,1,7.7399320999127,1.50431564524419,7.20161965974068,8.27824454008471,7.19163418250497,1.4063237522849,6.6883876908809,7.69488067412904,0.00732545929592811,0.00158520976210925,0.00675819926780615,0.00789271932405007,0.0765092428481788,0.00841523958189676,0.0734978880382462,0.0795205976581114,7.7399320999127
40,3000,"balanced","75,75,75,75,75,75,75,75,75,75,75,75,75,75,75,75,75,75,75,75,75,75,75,75,75,75,75,75,75,75,75,75,75,75,75,75,75,75,75,75",75,75,30,1,0,1,1,16.3336928870463,2.46940915302715,15.4500261704555,17.2173596036371,14.4440800268707,2.21344376128371,13.6520093493589,15.2361507043825,0.0202130176999795,0.00253313572429256,0.0193065467227336,0.0211194886772254,0.131079011000271,0.0107685010309342,0.127225552395833,0.134932469604709,16.3336928870463
2,6000,"balanced","3000,3000",3000,3000,30,1,0,1,1,0.774877408694931,0.504652644654077,0.594289779069569,0.955465038320293,0.761040554678973,0.49446660336862,0.584097953114977,0.937983156242969,0.000194829335456019,0.000182603003688209,0.000129485689786374,0.000260172981125663,0.0194434945927622,0.00887731661830555,0.0162667876389474,0.022620201546577,0.774877408694931
3,6000,"balanced","2000,2000,2000",2000,2000,30,1,0,1,1,1.69024884226194,0.589493981170185,1.47930113027499,1.90119655424889,1.64978485349474,0.57491461620453,1.44405430025744,1.85551540673204,0.000483907269646258,0.000326420480985907,0.000367099200676715,0.0006007153386158,0.0247685169492688,0.00747457799670107,0.0220937735645405,0.0274432603339971,1.69024884226194
5,6000,"balanced","1200,1200,1200,1200,1200",1200,1200,30,1,0,1,1,2.90071638789962,0.75595829619852,2.63020018581037,3.17123258998888,2.81170152345057,0.739314609539241,2.5471411881419,3.07626185875924,0.000912134538672436,0.00037374496439689,0.000778391620806397,0.00104587745653848,0.0321288003229374,0.00865409673627982,0.0290319715780398,0.0352256290678351,2.90071638789962
15,6000,"balanced","400,400,400,400,400,400,400,400,400,400,400,400,400,400,400",400,400,30,1,0,1,1,7.43718047804762,1.15291630854363,7.02461467556574,7.84974628052951,7.04773794314186,1.09348842525436,6.65643813557856,7.43903775070517,0.00325411029191825,0.000690002694272469,0.0030071959988619,0.0035010245849746,0.0553372054049488,0.0061080577394279,0.053151465014082,0.0575229457958155,7.43718047804762
40,6000,"balanced","150,150,150,150,150,150,150,150,150,150,150,150,150,150,150,150,150,150,150,150,150,150,150,150,150,150,150,150,150,150,150,150,150,150,150,150,150,150,150,150",150,150,30,1,0,1,1,15.1816316470837,1.91659064557249,14.4957884927625,15.8674748014049,13.9014034099313,1.78694160709265,13.2619545681938,14.5408522516687,0.00948970699893357,0.00141824510864072,0.0089821945047253,0.00999721949314184,0.0923907519451786,0.00956506550308462,0.0889679372136766,0.0958135666766805,15.1816316470837
2,30000,"balanced","15000,15000",15000,15000,30,1,0,1,1,0.880094278608888,0.379084048044546,0.7444407941967,1.01574776302108,0.871469855870609,0.375122420242672,0.737234021760618,1.0057056899806,4.98368939348829e-05,3.5220148591888e-05,3.72335256247418e-05,6.2440262245024e-05,0.0102943401134585,0.00471487735674817,0.00860714291980643,0.0119815373071105,0.880094278608888
3,30000,"balanced","10000,10000,10000",10000,10000,30,1,0,1,1,1.65550874036265,0.689709509254109,1.40869936221771,1.90231811850759,1.63997744771166,0.6858686799493,1.39454249268191,1.88541240274142,0.000104880880054045,5.85304668680212e-05,8.39360214774952e-05,0.000125825738630596,0.0104190565107331,0.00400681724706983,0.00898523537325281,0.0118528776482134,1.65550874036265
5,30000,"balanced","6000,6000,6000,6000,6000",6000,6000,30,1,0,1,1,2.74926509821748,0.80695886446358,2.46049857716112,3.03803161927385,2.71155361512316,0.79589761866948,2.42674531003935,2.99636192020698,0.000181203204936674,9.61283505564519e-05,0.000146804116473192,0.000215602293400155,0.0138467262224304,0.00288054944442491,0.0128159348420663,0.0148775176027944,2.74926509821748
15,30000,"balanced","2000,2000,2000,2000,2000,2000,2000,2000,2000,2000,2000,2000,2000,2000,2000",2000,2000,30,1,0,1,1,7.51856709655732,1.29016187772613,7.05688859789162,7.98024559522301,7.33519017407566,1.25302518270234,6.88680087105276,7.78357947709855,0.000702961877209973,0.000167689492374885,0.000642954963024833,0.000762968791395112,0.0246956924419067,0.0038338563448728,0.0233237645683902,0.0260676203154232,7.51856709655732
40,30000,"balanced","750,750,750,750,750,750,750,750,750,750,750,750,750,750,750,750,750,750,750,750,750,750,750,750,750,750,750,750,750,750,750,750,750,750,750,750,750,750,750,750",750,750,30,1,0,1,1,14.8645741735989,2.05564700175218,14.1289703412889,15.6001780059089,14.2728281128074,1.9730879166498,13.5667676696793,14.9788885559355,0.00189547086826156,0.000257177577491446,0.00180344105408352,0.0019875006824396,0.0416286432007504,0.00445806564670242,0.0400333448972924,0.0432239415042085,14.8645741735989
2,2e+05,"balanced","1e+05,1e+05",1e+05,1e+05,30,1,0,1,1,0.621590529614203,0.370241084449581,0.489101459084305,0.7540796001441,0.618526094907493,0.367266047261936,0.487101627762628,0.749950562052359,4.80297755986644e-06,5.24251018877497e-06,2.92696938214919e-06,6.67898573758368e-06,0.00426729169034861,0.00212895492052895,0.0035054549562102,0.00502912842448702,0.621590529614203
3,2e+05,"balanced","66667,66667,66666",66666.6666666667,66666,30,1,0,1,1,1.66628823894069,0.637687975871562,1.43809452743804,1.89448195044334,1.65981131875442,0.635419932373662,1.4324292161941,1.88719342131473,1.39360967566381e-05,7.65250304024983e-06,1.11976837127772e-05,1.66745098004989e-05,0.00408328725307195,0.00140767867279007,0.00357955590937199,0.0045870185967719,1.66628823894069
5,2e+05,"balanced","40000,40000,40000,40000,40000",40000,40000,30,1,0,1,1,3.06824054142815,0.783053764555806,2.7880283505116,3.3484527323447,3.05113316413632,0.778868649047958,2.77241859757046,3.32984773070219,2.95744968492162e-05,1.30942448943384e-05,2.48887814918272e-05,3.42602122066052e-05,0.00560343587511923,0.00137334564392626,0.00511199044801171,0.00609488130222674,3.06824054142815
15,2e+05,"balanced","13334,13334,13334,13334,13334,13333,13333,13333,13333,13333,13333,13333,13333,13333,13333",13333.3333333333,13333,30,1,0,1,1,7.66485296269871,1.23830170003184,7.22173239028381,8.10797353511361,7.58807858365926,1.22768901251597,7.14875571269852,8.02740145462,0.000106322372303334,2.28207310127734e-05,9.81560785890912e-05,0.000114488666017577,0.0101631572451167,0.00145490963772311,0.00964252451767779,0.0106837899725556,7.66485296269871
40,2e+05,"balanced","5000,5000,5000,5000,5000,5000,5000,5000,5000,5000,5000,5000,5000,5000,5000,5000,5000,5000,5000,5000,5000,5000,5000,5000,5000,5000,5000,5000,5000,5000,5000,5000,5000,5000,5000,5000,5000,5000,5000,5000",5000,5000,30,1,0,1,1,15.488962117802,1.68161920938345,14.887202412048,16.0907218235561,15.2513923248841,1.65858166111597,14.6578764999025,15.8449081498658,0.000305700642957211,3.57187186192685e-05,0.000292918863654081,0.00031848242226034,0.0155559933638301,0.00134185213048995,0.015075817745769,0.0160361689818911,15.488962117802
2,100,"mild","60,40",50,40,30,1,0,1,1,0.979974255855232,0.680835849821036,0.73634027595718,1.22360823575328,0.822987576112522,0.576756455874597,0.616597929013946,1.0293772232111,0.0184527220079294,0.0190136977552731,0.0116487576486591,0.0252566863671997,0.196631359795203,0.117291426809739,0.154659161754972,0.238603557835435,0.979974255855232
3,100,"mild","41,33,26",33.3333333333333,26,30,1,0,1,1,2.37647748008781,0.643163491401371,2.146324380517,2.60663057965863,1.99028229783152,0.553384360912131,1.79225624750265,2.18830834816039,0.040407954734116,0.0214573708321028,0.0327295331948452,0.0480863762733868,0.202536098303395,0.0715895890571661,0.176918092868094,0.228154103738697,2.37647748008781
5,100,"mild","24,22,20,18,16",20,16,30,0.98,0.0610257153258729,0.958162228230379,1.00183777176962,3.79801047847696,1.05161785150392,3.421693863303,4.17432709365092,3.02043831353476,0.841600529930068,2.71927543169611,3.32160119537341,0.0651399117104062,0.0268852040547482,0.0555191649974485,0.074760658423364,0.261935042254363,0.0837618390858808,0.231961253087065,0.29190883142166,3.81801047847696
15,100,"mild","9,8,8,8,8,8,7,6,6,6,6,5,5,5,5",6.66666666666667,5,30,0.773015873015873,0.1010720031535,0.736847721190395,0.809184024841351,16.8511355682073,9.71563301554863,13.3744409443428,20.3278301920718,11.6525752716954,6.69424960111474,9.25706881712305,14.0480817262677,0.271790926330836,0.044233326836496,0.255962233608296,0.287619619053377,0.449301712082586,0.0547679847485163,0.429703240441023,0.468900183724148,17.0781196951914
40,100,"mild","4,3,3,3,3,3,3,3,3,3,3,3,3,3,3,3,3,3,3,2,2,2,2,2,2,2,2,2,2,2,2,2,2,2,2,2,2,2,2,2",2.5,2,30,0.571153846153846,0.0537900743718744,0.55190531524632,0.590402377061372,39302.9323741987,212447.024655455,0,115326.123790916,23286.6051798828,125921.459438103,0,68347.0207345869,0.8670569335285,0.0843881942102898,0.836859006058513,0.897254860998487,0.723080185230811,0.039246488514167,0.709036009683587,0.737124360778034,39303.3612203526
2,300,"mild","180,120",150,120,30,1,0,1,1,0.989100150854221,0.645356066163708,0.758162448481256,1.22003785322718,0.891874881170373,0.563680292239602,0.690164479133627,1.09358528320712,0.00493408035157246,0.00436088702974642,0.00337355696958223,0.00649460373356268,0.107507458628644,0.0461268579702936,0.091001174492095,0.124013742765193,0.989100150854221
3,300,"mild","120,100,80",100,80,30,1,0,1,1,1.58564314150183,0.607804335004679,1.36814315354526,1.8031431294584,1.43350739927077,0.566031496876907,1.23095562946015,1.6360591690814,0.0083083166115699,0.0042581188608383,0.00678456834652526,0.00983206487661453,0.110316129866615,0.0379681459850194,0.0967294033184869,0.123902856414742,1.58564314150183
5,300,"mild","72,66,60,54,48",60,48,30,1,0,1,1,3.15776535061234,0.910949121650018,2.83178639393642,3.48374430728827,2.76803854746037,0.807273678148326,2.47915937177373,3.05691772314701,0.0220003662771713,0.0101423750734288,0.0183709639690999,0.0256297685852427,0.146226842128859,0.0381535787166747,0.132573759329914,0.159879924927805,3.15776535061234
15,300,"mild","25,24,23,23,22,22,20,20,19,18,18,17,17,16,16",20,16,30,0.98031746031746,0.0346498933900981,0.967918155210522,0.992716765424399,8.41822071122847,1.25156862851568,7.9703526294273,8.86608879302965,6.70339282918655,0.966564860230746,6.35751203605628,7.04927362231682,0.070171298657517,0.0154782500748775,0.0646324780025957,0.0757101193124384,0.256001914294982,0.0360914961184481,0.243086738276968,0.268917090312995,8.43790325091101
40,300,"mild","10,9,9,9,9,9,9,9,9,9,9,9,9,9,8,8,8,8,7,7,7,7,7,7,7,7,7,6,6,6,6,6,6,6,6,6,6,6,6,6",7.5,6,30,0.808376068376068,0.0488477647477562,0.790896120253848,0.825856016498289,29.8246629222007,8.63220351465388,26.7356685660458,32.9136572783555,21.0178319515619,6.06300142453558,18.8482147559113,23.1874491472126,0.242412499452804,0.0287197734764689,0.232135260503531,0.252689738402078,0.418831512474497,0.034510369101574,0.406482135492986,0.431180889456008,30.0162868538246
2,1200,"mild","720,480",600,480,30,1,0,1,1,0.981679364694854,0.475251286927955,0.811612875810104,1.1517458535796,0.932856514014747,0.449922668350418,0.771853754883633,1.09385927314586,0.00126752664232004,0.000844723595850417,0.00096524618569466,0.00156980709894542,0.0507390708020082,0.0248568926064311,0.0418441460191914,0.059633995584825,0.981679364694854
3,1200,"mild","480,400,320",400,320,30,1,0,1,1,1.69460936266208,0.609473512473629,1.47651206721939,1.91270665810478,1.60213731110175,0.581137126454908,1.39418006116853,1.81009456103496,0.00228883681472383,0.00139780373795982,0.00178863917107001,0.00278903445837764,0.0593655863715535,0.0217035540040828,0.0515990693155892,0.0671321034275177,1.69460936266208
5,1200,"mild","288,264,240,216,192",240,192,30,1,0,1,1,3.10468002552377,0.89188437870026,2.78552329949537,3.42383675155217,2.8911543733346,0.836593787048102,2.59178313142645,3.19052561524275,0.00502315546628269,0.00209381160574094,0.00427389460583081,0.00577241632673457,0.0757072473270481,0.0162821092278801,0.0698807693685712,0.0815337252855251,3.10468002552377
15,1200,"mild","97,94,92,90,87,85,82,80,77,75,73,70,68,66,64",80,64,30,1,0,1,1,8.03152437271746,1.25525543867474,7.58233698284457,8.48071176259035,7.15047221095741,1.12383374801265,6.74831346910497,7.55263095280985,0.0173008476474234,0.00387777352025346,0.0159132042145299,0.0186884910803169,0.123214504823193,0.0132161969529111,0.118485149482106,0.127943860164279,8.03152437271746
40,1200,"mild","37,36,36,36,35,35,35,34,34,34,33,33,33,33,32,32,32,31,30,30,29,29,29,28,28,28,28,27,27,27,26,26,26,25,25,25,24,24,24,24",30,24,30,0.994337606837607,0.016320525959244,0.988497381628366,1.00017783204685,17.558675235026,3.31272761722581,16.3732308817138,18.7441195883383,14.5097008730336,2.65024681200824,13.5613222312635,15.4580795148038,0.0506348635912848,0.00617478695303261,0.0484252444580013,0.0528444827245684,0.208925479589486,0.0185557823568926,0.202285378151056,0.215565581027917,17.5643376281884
2,3000,"mild","1800,1200",1500,1200,30,1,0,1,1,0.929921623659895,0.485141955177671,0.756315804597155,1.10352744272264,0.906119340695658,0.474174967858763,0.736438007643311,1.07580067374801,0.000556774842273998,0.000400505399245987,0.000413455825781833,0.000700093858766162,0.0298988434153681,0.0174013881492871,0.0236718366388066,0.0361258501919296,0.929921623659895
3,3000,"mild","1200,1000,800",1000,800,30,1,0,1,1,1.87979936742083,0.472291001353988,1.71079220312395,2.04880653171771,1.81830275835811,0.458281213833335,1.65430893213983,1.98229658457639,0.00104894774987708,0.000384863524757921,0.000911226106284118,0.00118666939347004,0.0357744471603243,0.0150100614152985,0.030403165665549,0.0411457286550996,1.87979936742083
5,3000,"mild","720,660,600,540,480",600,480,30,1,0,1,1,3.04985833149576,0.919381594393659,2.72086185320218,3.37885480978935,2.91646161190579,0.880807543959507,2.60126868028285,3.23165454352872,0.00201366587911653,0.000756325998797041,0.00174301809634227,0.00228431366189079,0.0459417798955985,0.0132158458101634,0.0412125502093306,0.0506710095818664,3.04985833149576
15,3000,"mild","241,235,229,223,218,212,205,200,194,188,182,177,171,165,160",200,160,30,1,0,1,1,7.88957057771229,1.25501189003638,7.44047034060034,8.33867081482423,7.29809403276493,1.16680779572808,6.88055722543607,7.71563084009378,0.00736282578521088,0.00161840534747838,0.00678368686942363,0.00794196470099813,0.080977785163193,0.0113824534736035,0.0769046264987258,0.0850509438276602,7.88957057771229
40,3000,"mild","91,90,89,88,87,87,86,85,84,84,83,82,81,81,80,79,78,77,76,75,74,73,73,72,71,70,70,69,68,67,66,66,65,64,63,63,62,61,60,60",75,60,30,1,0,1,1,16.4635935699579,2.11662088219813,15.7061705147518,17.2210166251639,14.5753346327106,1.86907530763575,13.9064946237008,15.2441746417204,0.020084417494292,0.00257174115713653,0.0191641317403243,0.0210047032482597,0.129464302297363,0.00737181478299857,0.126826332256382,0.132102272338343,16.4635935699579
2,6000,"mild","3600,2400",3000,2400,30,1,0,1,1,0.912209719977046,0.518835707715068,0.726546746417309,1.09787269353678,0.893492563060753,0.509642469032746,0.711119347713536,1.07586577840797,0.000260001952497069,0.00019225489671583,0.000191204421265306,0.000328799483728831,0.0219924449671053,0.0130420222895784,0.017325417228827,0.0266594727053837,0.912209719977046
3,6000,"mild","2400,2000,1600",2000,1600,30,1,0,1,1,1.88017649800388,0.641054455819436,1.65077810712343,2.10957488888433,1.82407095305674,0.618935565187853,1.60258770553561,2.04555420057786,0.000546577512624944,0.000285235454635339,0.000444507316058319,0.000648647709191568,0.0307594445051469,0.0102139987284896,0.0271044120012773,0.0344144770090165,1.88017649800388
5,6000,"mild","1440,1320,1200,1080,960",1200,960,30,1,0,1,1,3.25489985018341,1.12521970022609,2.8522451517009,3.65755454866592,3.15303617389419,1.08879365815088,2.76341636716283,3.54265598062556,0.00105814718022,0.000366884597161274,0.0009268592132406,0.0011894351471994,0.0315786247886281,0.00805170384868554,0.028697359570101,0.0344598900071553,3.25489985018341
15,6000,"mild","481,469,458,446,435,423,411,400,388,377,365,354,342,331,320",400,320,30,1,0,1,1,7.74211354358937,1.57100430354495,7.17993687352972,8.30429021364903,7.33198806214718,1.47479864881148,6.80423814349548,7.85973798079887,0.00359084755515625,0.000756863603719382,0.00332000739293124,0.00386168771738127,0.055676742881664,0.00880697026104658,0.0525252090484991,0.0588282767148288,7.74211354358937
40,6000,"mild","181,179,177,176,174,173,171,170,168,167,165,164,162,161,159,157,156,154,152,150,149,147,146,144,143,141,140,138,136,135,133,132,130,129,127,126,124,123,121,120",150,120,30,1,0,1,1,15.7611386814219,1.99865708101738,15.0459284303347,16.4763489325091,14.4434662925891,1.81585772842606,13.7936699497241,15.0932626354541,0.0101385904342392,0.0014411792435751,0.00962287106524453,0.0106543098032339,0.0910874110458709,0.00887161562794179,0.0879127441652574,0.0942620779264845,15.7611386814219
2,30000,"mild","18000,12000",15000,12000,30,1,0,1,1,0.879544002938089,0.454820202922681,0.7167886835682,1.04229932230798,0.870499082029569,0.449400950400451,0.709683017269159,1.03131514678998,5.06248272614844e-05,3.97948795508849e-05,3.63844125020468e-05,6.48652420209219e-05,0.0105162665566355,0.00507348406134844,0.00870074360181374,0.0123317895114572,0.879544002938089
3,30000,"mild","12000,10000,8000",10000,8000,30,1,0,1,1,1.67389426498837,0.604109308853472,1.45771652515854,1.8900720048182,1.65604246825127,0.598881276410326,1.44173555580442,1.87034938069812,8.86782273050526e-05,5.09929295348576e-05,7.04306418224375e-05,0.000106925812787668,0.0112460572604587,0.00385386374960924,0.00986696982910658,0.0126251446918108,1.67389426498837
5,30000,"mild","7200,6600,6000,5400,4800",6000,4800,30,1,0,1,1,3.20096074419476,1.02123425381619,2.83551675981753,3.56640472857199,3.14992695969777,1.00523648780227,2.79020770236668,3.50964621702886,0.00023168103377002,0.000119259395222841,0.000189004607277477,0.000274357460262563,0.016327437338087,0.00307661580696909,0.015226484510961,0.0174283901652129,3.20096074419476
15,30000,"mild","2401,2343,2286,2229,2172,2115,2057,2000,1942,1885,1828,1771,1714,1657,1600",2000,1600,30,1,0,1,1,8.10700894166403,1.55017367409194,7.55228641662149,8.66173146670656,7.902734404508,1.50963374670885,7.3625189061676,8.44294990284841,0.000755224231070788,0.000166425149717209,0.000695669756095078,0.000814778706046497,0.0259021770449073,0.00358471935635178,0.0246194016977584,0.0271849523920561,8.10700894166403
40,30000,"mild","901,893,885,877,870,862,854,847,839,831,824,816,808,801,793,785,777,770,761,753,746,738,730,723,715,707,700,692,684,676,669,661,653,646,638,630,623,615,607,600",750,600,30,1,0,1,1,15.4793393068248,2.2804855733295,14.6632780249807,16.2954005886688,14.8668147377422,2.20937736158844,14.0761992026732,15.6574302728113,0.00194774938282793,0.00025401785041772,0.00185685026246186,0.002038648503194,0.041340616059398,0.00379483292582051,0.039982652537047,0.042698579581749,15.4793393068248
2,2e+05,"mild","120000,80000",1e+05,80000,30,1,0,1,1,0.885842287512844,0.376353330386503,0.751165977864855,1.02051859716083,0.882857689227119,0.375237374863679,0.748580719134304,1.01713465931993,6.78372626422193e-06,4.31015315522361e-06,5.24135776606881e-06,8.32609476237505e-06,0.00349567537945672,0.00169674008891006,0.00288850473645607,0.00410284602245737,0.885842287512844
3,2e+05,"mild","80001,66666,53333",66666.6666666667,53333,30,1,0,1,1,1.58389315729862,0.583807357967338,1.37498037729043,1.79280593730681,1.57715948679272,0.581222734562159,1.36917160239176,1.78514737119368,1.49264132064249e-05,9.24882518488908e-06,1.16167636194236e-05,1.82360627934262e-05,0.00415626751978992,0.00139975990374123,0.0036553698712013,0.00465716516837853,1.58389315729862
5,2e+05,"mild","48000,44000,40000,36000,32000",40000,32000,30,1,0,1,1,2.94010802878962,0.738027141003924,2.67600840817941,3.20420764939983,2.92462779127578,0.734525608886313,2.66178117784164,3.18747440470992,2.84304497329154e-05,1.2496969821778e-05,2.39584665153073e-05,3.29024329505235e-05,0.00534042766440795,0.00150333510077907,0.00480246610756643,0.00587838922124946,2.94010802878962
15,2e+05,"mild","16001,15620,15239,14858,14477,14095,13714,13333,12952,12571,12190,11809,11428,11047,10666",13333.3333333333,10666,30,1,0,1,1,7.79545395946458,1.5031870779722,7.25754537190422,8.33336254702494,7.71954877537648,1.49062567053261,7.18613522973913,8.25296232101384,0.000111513269600915,2.94669708190447e-05,0.000100968649516542,0.000122057889685287,0.00989744092014881,0.00153906521630669,0.00934669350567289,0.0104481883346247,7.79545395946458
40,2e+05,"mild","6001,5949,5898,5847,5795,5744,5693,5642,5590,5539,5488,5436,5385,5334,5283,5231,5180,5129,5077,5025,4974,4923,4871,4820,4769,4717,4666,4615,4564,4512,4461,4410,4358,4307,4256,4205,4153,4102,4051,4000",5000,4000,30,1,0,1,1,15.0198646158143,1.75514999847022,14.3917922551157,15.6479369765129,14.781747660078,1.72386501251715,14.1648704878243,15.3986248323317,0.000303495447011119,4.59776958828343e-05,0.000287042539842054,0.000319948354180184,0.0160758221348494,0.00124351252869722,0.0156308368913444,0.0165208073783545,15.0198646158143
2,100,"strong","67,33",50,33,30,1,0,1,1,1.32354497305816,0.822860597999573,1.02908808973654,1.61800185637978,1.14834843414081,0.750491542435049,0.879788484761913,1.41690838351971,0.0216426505617482,0.0155713233222852,0.0160705240729845,0.0272147770505118,0.17074887372136,0.0684563153624414,0.146252095877932,0.195245651564789,1.32354497305816
3,100,"strong","51,33,16",33.3333333333333,16,30,0.988888888888889,0.0608580619450185,0.967111111111111,1.01066666666667,2.34623339640623,1.22241134968781,1.90879911283366,2.78366767997881,1.94289336651862,1.00863845398446,1.58195673122387,2.30383000181338,0.0509073761989833,0.039157860381701,0.0368949158216489,0.0649198365763176,0.226376696142553,0.0823867088455003,0.196894991012003,0.255858401273103,2.35734450751734
5,100,"strong","34,27,20,13,6",20,6,30,0.893333333333333,0.146059348668044,0.841066666666667,0.9456,6.26010621951519,3.3055164180558,5.07724236068494,7.44297007834544,4.86735512454198,2.60420266900533,3.93545316773745,5.79925708134651,0.121559141591647,0.0456024905751934,0.105240499917567,0.137877783265728,0.301602841299997,0.0992424581112033,0.266089383759748,0.337116298840245,6.36677288618186
15,100,"strong","8,9,9,9,9,8,7,6,5,5,5,5,5,5,5",6.66666666666667,5,30,0.767301587301587,0.0985526134310778,0.732034987509759,0.802568187093415,19.9570678288789,8.31342490471815,16.9821469332585,22.9319887244993,13.6920975026661,5.75394042368047,11.6330763658002,15.751118639532,0.288936795504031,0.067009022649561,0.264957924706492,0.312915666301569,0.457662313450662,0.0661642336969542,0.433985746497363,0.48133888040396,20.1897662415773
40,100,"strong","3,3,3,3,4,4,4,4,3,3,3,3,3,3,3,3,2,2,2,2,2,2,2,2,2,2,2,2,2,2,2,2,2,2,2,2,2,2,2,2",2.5,2,30,0.587649572649573,0.0575082862687086,0.567070496702786,0.608228648596359,845.276040516026,1582.88595735828,278.847575244542,1411.70450578751,500.133281164959,978.74265762858,149.894719202149,850.371843127768,0.8419843619508,0.0567632172111836,0.821671905542088,0.862296818359512,0.737640509586923,0.0541099197483655,0.718277523481353,0.757003495692493,845.688390943376
2,300,"strong","200,100",150,100,30,1,0,1,1,0.982602482577776,0.696023682372068,0.733533606601021,1.23167135855453,0.886387183602516,0.625644161403895,0.662503295756602,1.11027107144843,0.00471669798859655,0.00495188390664791,0.00294468909028888,0.00648870688690423,0.105203201855762,0.0540422498775398,0.0858644311024728,0.124541972609052,0.982602482577776
3,300,"strong","150,100,50",100,50,30,1,0,1,1,2.11782367236141,1.00502130920082,1.75818141570394,2.47746592901889,1.89193722261604,0.886835720293394,1.5745871357961,2.20928730943598,0.0120186411956153,0.00736199116828262,0.00938418649001416,0.0146530959012165,0.120016602345172,0.033024491029297,0.108198940003082,0.131834264687263,2.11782367236141
5,300,"strong","100,80,60,40,20",60,20,30,1,0,1,1,4.02684766905927,1.32451887700571,3.55287467609801,4.50082066202053,3.4767403634093,1.14771031501725,3.06603750178531,3.88744322503329,0.0262296122309929,0.0130328293232787,0.0215658741534563,0.0308933503085296,0.162502488483794,0.0422837443656026,0.147371444888643,0.177633532078944,4.02684766905927
15,300,"strong","38,35,32,30,27,25,22,20,17,15,12,10,7,5,5",20,5,30,0.907619047619048,0.064261079023539,0.884623515819182,0.930614579418913,17.0856088694003,7.09935852944245,14.5451360466107,19.62608169219,13.3833381356041,5.61398714663787,11.3743986357358,15.3922776354724,0.13441042427999,0.0269502192727392,0.124766412170069,0.144054436389911,0.278979268231826,0.0493898483408225,0.261305337987115,0.296653198476537,17.1779898217813
40,300,"strong","10,10,10,11,11,11,11,11,11,11,10,10,10,9,9,9,8,8,8,7,7,6,6,6,5,5,5,5,5,5,5,5,5,5,5,5,5,5,5,5",7.5,5,30,0.793867521367521,0.0469949525529633,0.777050593574121,0.810684449160921,42.0787998561178,19.5163250679013,35.0949726229797,49.062627089256,29.3948244820825,13.6141831341064,24.5230516151056,34.2665973490594,0.266676180099311,0.034071050078903,0.254484011411057,0.278868348787565,0.430715210324477,0.0325375515781765,0.419071797027112,0.442358623621843,42.2849323347503
2,1200,"strong","800,400",600,400,30,1,0,1,1,1.10338972702831,0.591892995513059,0.891583538784065,1.31519591527256,1.05287781532811,0.556673647084555,0.853674709059213,1.252080921597,0.00140040996079766,0.00120516337128899,0.000969147787027478,0.00183167213456785,0.0459204206567837,0.0220951227308337,0.0380137825315088,0.0538270587820585,1.10338972702831
3,1200,"strong","600,400,200",400,200,30,1,0,1,1,2.06704623995579,0.964511497253641,1.72190023333011,2.41219224658147,1.9400964684919,0.903759211802932,1.61669038801163,2.26350254897217,0.00328694522200554,0.00185361620122221,0.00262363718317947,0.00395025326083162,0.0691335115099558,0.0181505814002211,0.0626384093716624,0.0756286136482492,2.06704623995579
5,1200,"strong","400,320,240,160,80",240,80,30,1,0,1,1,4.20197763877142,1.59633274410312,3.63073730266155,4.7732179748813,3.87770732430406,1.50310037721033,3.33982976221287,4.41558488639524,0.00812871305015227,0.00421652711307004,0.00661984820090068,0.00963757789940386,0.0857507644534228,0.0240233425973563,0.0771541217105549,0.0943474071962907,4.20197763877142
15,1200,"strong","150,140,130,120,110,100,90,80,70,60,50,40,30,20,10",80,10,30,1,0,1,1,12.5773294093301,3.58864677494588,11.2931486534868,13.8615101651733,10.8575528355671,3.19623424807371,9.71379509902994,12.0013105721042,0.0328961418593079,0.00768710352687503,0.0301453471903238,0.0356469365282919,0.162200356115613,0.0290880150058432,0.151791343627404,0.172609368603823,12.5773294093301
40,1200,"strong","59,58,56,55,53,52,50,49,47,46,44,43,40,39,38,36,35,33,32,30,29,27,26,24,23,21,20,19,17,16,14,13,11,10,8,7,5,5,5,5",30,5,30,0.946495726495726,0.0356187606309061,0.933749716699349,0.959241736292104,41.1263356835931,14.5226167126158,35.9294840354923,46.3231873316938,32.73801865097,11.3728690351927,28.6682897337403,36.8077475681997,0.0995564017671307,0.0190964870773288,0.0927228116294429,0.106389991904819,0.256359029755832,0.0315596100622177,0.245065568335564,0.267652491176099,41.1798399570973
2,3000,"strong","2000,1000",1500,1000,30,1,0,1,1,1.24176269341754,0.623720286606443,1.01856725532622,1.46495813150886,1.19340433891568,0.591363044890278,0.981787791066263,1.40502088676509,0.000686342083429766,0.000491062144314316,0.000510617751892264,0.000862066414967267,0.0350968620525432,0.0166390234733988,0.0291426639716008,0.0410510601334857,1.24176269341754
3,3000,"strong","1500,1000,500",1000,500,30,1,0,1,1,1.99647815321247,0.841541604661095,1.69533635751051,2.29761994891443,1.9305951254896,0.805967507032389,1.64218335713395,2.21900689384526,0.00129486143448049,0.000772198841913193,0.00101853362774495,0.00157118924121604,0.0334593390467533,0.0176452691460114,0.0271450605763333,0.0397736175171733,1.99647815321247
5,3000,"strong","1000,800,600,400,200",600,200,30,1,0,1,1,4.10288968192921,1.73362048133087,3.48252155999433,4.72325780386409,3.90289511048467,1.66526276203769,3.30698848424295,4.49880173672639,0.00311299402969026,0.00158774696305509,0.00254482607587021,0.00368116198351032,0.0533417504695624,0.0168775504249461,0.0473021966152221,0.0593813043239027,4.10288968192921
15,3000,"strong","375,350,325,300,275,250,225,200,175,150,125,100,75,50,25",200,25,30,0.997777777777778,0.0121716123890037,0.993422222222222,1.00213333333333,13.9727242968545,4.88905934165469,12.2231968804028,15.7222517133061,12.6968429860072,4.4573914891038,11.1017859267475,14.2919000452668,0.01379290372762,0.0042793077499116,0.0122615731159996,0.0153242343392404,0.100777910035825,0.0181721503433969,0.0942750895503423,0.107280730521308,13.9749465190767
40,3000,"strong","147,143,140,136,132,129,125,121,118,114,110,107,103,99,96,92,88,85,80,76,73,69,65,62,58,54,51,47,43,40,36,32,29,25,21,18,14,10,7,5",75,5,30,0.973717948717949,0.0263501629766008,0.964288663995884,0.983147233440014,53.622686002008,47.2981363131901,36.6972652933716,70.5481067106445,45.758360242891,40.5928069851113,31.2324108182012,60.2843096675808,0.045180677456524,0.0108168399691778,0.0413099209851898,0.0490514339278582,0.173744387634414,0.0174845353487377,0.167487627014654,0.180001148254174,53.6489680532901
2,6000,"strong","4000,2000",3000,2000,30,1,0,1,1,0.985937650683956,0.527987881305945,0.796999613865947,1.17487568750197,0.962818925319726,0.51586072007783,0.778220537413636,1.14741731322582,0.000264320933574238,0.00023977563711728,0.00017851832378389,0.000350123543364585,0.022343944022712,0.0106883882861632,0.018519153395811,0.0261687346496129,0.985937650683956
3,6000,"strong","3000,2000,1000",2000,1000,30,1,0,1,1,2.05880903120253,0.749654920802509,1.79054846302992,2.32706959937514,1.99956709177354,0.725016829835275,1.74012315122272,2.25901103232436,0.000693746500300395,0.000481827016869112,0.0005213269166767,0.00086616608392409,0.0289556610729697,0.0101829067621947,0.0253117546863474,0.032599567459592,2.05880903120253
5,6000,"strong","2000,1600,1200,800,400",1200,400,30,1,0,1,1,3.81542385180395,1.09435847084037,3.42381270242621,4.20703500118169,3.68768035484171,1.05940731260894,3.30857631680984,4.06678439287358,0.00145538604301182,0.000629732813300049,0.00123003904987535,0.0016807330361483,0.035017538534795,0.0122947483257076,0.0306179193501935,0.0394171577193964,3.81542385180395
15,6000,"strong","750,700,650,600,550,500,450,400,350,300,250,200,150,100,50",400,50,30,1,0,1,1,12.1899733608271,3.74314966239024,10.8505044567705,13.5294422648836,11.3969453783774,3.51754963518108,10.1382064072533,12.6556843495014,0.00645981787207322,0.00245601551782906,0.00558094400628405,0.00733869173786239,0.0697596463195228,0.0125877949480201,0.0652551617478998,0.0742641308911458,12.1899733608271
40,6000,"strong","293,286,279,271,264,257,249,242,235,227,220,213,205,198,191,183,176,169,161,154,146,139,131,124,117,109,102,95,87,80,73,65,58,51,43,36,29,21,14,7",150,7,30,0.987628205128205,0.019108919895186,0.980790165963785,0.994466244292625,52.3224558810656,34.9203040486627,39.8263855627032,64.8185261994281,46.2039244441024,30.4775069075423,35.2976886646459,57.110160223559,0.0233412292233595,0.00669426312028284,0.020945717931015,0.025736740515704,0.129269901559345,0.0128068768226684,0.124687019545728,0.133852783572963,52.3348276759374
2,30000,"strong","20000,10000",15000,10000,30,1,0,1,1,1.06256157066403,0.678353822411113,0.819815772867807,1.30530736846025,1.05115579674227,0.670752617520262,0.811130055182904,1.29118153830164,6.13126321483322e-05,5.76892534000835e-05,4.06687979452654e-05,8.1956466351399e-05,0.0104708491442252,0.00598367023767723,0.00832962024920443,0.012612078039246,1.06256157066403
3,30000,"strong","15000,10000,5000",10000,5000,30,1,0,1,1,2.14884573766616,1.03770841760754,1.77750654948755,2.52018492584477,2.12280916123555,1.02772446469344,1.75504268472337,2.49057563774773,0.000117149951524856,6.93858153371939e-05,9.23205563872238e-05,0.000141979346662487,0.0120408050785117,0.00371958209187765,0.0107097697212521,0.0133718404357713,2.14884573766616
5,30000,"strong","10000,8000,6000,4000,2000",6000,2000,30,1,0,1,1,3.99894806126383,1.47681476567999,3.47047668445633,4.52741943807132,3.93215463526716,1.45893613533242,3.41008104416359,4.45422822637074,0.000282749454973904,0.000128066414346926,0.000236921477162782,0.000328577432785025,0.0172587709713893,0.00351424927442863,0.0160012130191929,0.0185163289235858,3.99894806126383
15,30000,"strong","3750,3500,3250,3000,2750,2500,2250,2000,1750,1500,1250,1000,750,500,250",2000,250,30,1,0,1,1,12.0471227424165,3.47241705910597,10.8045342562222,13.2897112286107,11.6673842940949,3.38426969938281,10.4563389354732,12.8784296527165,0.00125737260232539,0.000340439452054505,0.00113554790898683,0.00137919729566396,0.0331663754059715,0.00533262228601985,0.031258121028389,0.0350746297835539,12.0471227424165
40,30000,"strong","1464,1427,1391,1354,1318,1281,1244,1208,1171,1135,1098,1061,1025,988,952,915,879,842,805,769,731,695,658,621,585,548,512,475,439,402,365,329,292,256,219,182,146,109,73,36",750,36,30,1,0,1,1,33.5391572658753,9.74190194847179,30.05306242509,37.0252521066605,31.7509949287054,9.21874436716436,28.4521096240826,35.0498802333282,0.00434637455507709,0.000839027369521821,0.00404613246686489,0.00464661664328929,0.0562984165332509,0.00415664373258969,0.0548109806764944,0.0577858523900074,33.5391572658753
2,2e+05,"strong","133334,66666",1e+05,66666,30,1,0,1,1,1.20886964120035,0.55645493941449,1.00974479846606,1.40799448393464,1.20387757345476,0.554565739789492,1.00542877212396,1.40232637478556,1.02220043051623e-05,7.0598778088977e-06,7.69565947677549e-06,1.2748349133549e-05,0.00394549471874688,0.00180458597532584,0.00329973192092652,0.00459125751656725,1.20886964120035
3,2e+05,"strong","100001,66666,33333",66666.6666666667,33333,30,1,0,1,1,2.0660049016967,0.929749768678833,1.73329821988484,2.39871158350856,2.05729868290296,0.925931834190837,1.7259582314013,2.38863913440462,1.79304806871783e-05,1.11174660524409e-05,1.39521465535547e-05,2.19088148208019e-05,0.00436322319609933,0.00157395532851528,0.00379999051531625,0.0049264558768824,2.0660049016967
5,2e+05,"strong","66667,53334,40000,26666,13333",40000,13333,30,1,0,1,1,3.91053072931774,1.79985219052457,3.26646189463315,4.55459956400233,3.88558150668494,1.789999184619,3.24503852488158,4.52612448848831,4.63203136169225e-05,2.71712010238672e-05,3.65972242029399e-05,5.60434030309051e-05,0.00652432384058233,0.00149703831922731,0.00598861555808059,0.00706003212308407,3.91053072931774
15,2e+05,"strong","25001,23334,21667,20001,18334,16666,15000,13333,11666,10000,8333,6666,5000,3333,1666",13333.3333333333,1666,30,1,0,1,1,12.4546365544622,4.24271096078796,10.9364019356395,13.9728711732849,12.3028684240942,4.19383458001416,10.8021239935071,13.8036128546812,0.000189960348234542,5.74252648903753e-05,0.000169410981106445,0.000210509715362638,0.0124137728260937,0.00235415030449518,0.0115713509587476,0.0132561946934397,12.4546365544622
40,2e+05,"strong","9757,9513,9269,9025,8781,8537,8293,8049,7805,7561,7318,7074,6830,6586,6342,6098,5854,5610,5366,5122,4878,4634,4390,4146,3902,3658,3414,3170,2926,2682,2439,2195,1951,1707,1463,1219,975,731,487,243",5000,243,30,1,0,1,1,33.9516608917648,9.05440045623151,30.7115853003836,37.191736483146,33.2243969326815,8.88610613481657,30.0445446907778,36.4042491745852,0.000691737486889997,0.000155776896690711,0.000635993440322969,0.000747481533457024,0.0221095521244252,0.0018824875527208,0.0214359126051513,0.0227831916436991,33.9516608917648
2,100,"random","13,87",50,13,30,0.983333333333333,0.0912870929175277,0.950666666666667,1.016,2.70494311552459,1.43136903352727,2.19273428511012,3.21715194593907,2.18173035409047,1.09327656886975,1.79050635836075,2.57295434982019,0.0616275177585851,0.0429809776226562,0.0462469724467167,0.0770080630704534,0.228386933433138,0.108247194176019,0.189651172475731,0.267122694390545,2.72160978219126
3,100,"random","21,49,30",33.3333333333333,21,30,0.988888888888889,0.0608580619450185,0.967111111111111,1.01066666666667,2.5633457454531,1.23181629702451,2.122545944699,3.0041455462072,2.11321059891396,1.03799942463197,1.74176727520906,2.48465392261886,0.0428355119197736,0.025245682662665,0.0338014604021206,0.0518695634374266,0.218131242458113,0.0810356099216898,0.189133021868118,0.247129463048108,2.57445685656421
5,100,"random","20,5,41,12,22",20,5,30,0.916666666666667,0.128876667408414,0.870548743521223,0.96278458981211,6.65246787928945,4.26903004429897,5.12481509738863,8.18012066119027,5.10239933684908,3.31046031297584,3.91776632794266,6.28703234575551,0.12673388670726,0.0446357335406767,0.110761194594995,0.142706578819525,0.312354198199985,0.0925799163096959,0.279224900623941,0.345483495776029,6.73580121262278
15,100,"random","8,9,9,5,5,5,5,9,5,5,10,5,5,10,5",6.66666666666667,5,30,0.763809523809524,0.114077533433947,0.722987402743526,0.804631644875521,19.9038578286212,12.3822069302395,15.472941984327,24.3347736729153,13.4891014522276,7.99648233719877,10.627596997801,16.3506059066542,0.284896829888699,0.0581811529862365,0.264076971679381,0.305716688098016,0.467714342451714,0.072014240743739,0.441944377361971,0.493484307541457,20.1400483048116
40,100,"random","2,2,2,2,3,2,3,2,3,2,3,3,2,3,2,2,2,4,3,4,2,2,2,2,3,2,2,4,3,2,4,4,2,2,2,2,3,2,2,2",2.5,2,30,0.583803418803419,0.0635238986033899,0.561071683628997,0.606535153977841,6558.86356428821,26473.604876285,0,16032.3214028453,3908.75715061236,15941.7979903497,0,9613.45629672899,0.83745263703018,0.0639117859195823,0.814582098162298,0.860323175898063,0.727021714074796,0.0553089785856699,0.707229650274887,0.746813777874704,6559.2797608694
2,300,"random","244,56",150,56,30,1,0,1,1,1.70552505167592,0.888727368015384,1.38749804741223,2.02355205593961,1.5222075967379,0.763732400727348,1.24890946707095,1.79550572640485,0.0115227680503151,0.0105443665546963,0.00774951493812982,0.0152960211625005,0.118441416161933,0.0655098572364469,0.0949990148176681,0.141883817506199,1.70552505167592
3,300,"random","12,191,97",100,12,30,0.955555555555556,0.115248634547253,0.914314361338265,0.996796749772846,4.90642017840826,3.03143169037908,3.82163627974859,5.99120407706792,4.13340332102138,2.72589641737052,3.15795381564003,5.10885282640273,0.0444664109837937,0.0331803341476942,0.032592980898003,0.0563398410695844,0.20819943401098,0.0955085142304506,0.174022151128137,0.242376716893823,4.9508646228527
5,300,"random","14,77,13,103,93",60,13,30,0.98,0.0610257153258729,0.958162228230379,1.00183777176962,6.46672742798551,2.06012648506478,5.72952063315875,7.20393422281227,5.33330393081825,1.63481955924914,4.74829126478467,5.91831659685184,0.0571211846695314,0.0231635216619443,0.0488322248968672,0.0654101444421956,0.206686745220991,0.0521356319303242,0.188030248937748,0.225343241504234,6.48672742798551
15,300,"random","32,5,11,5,5,32,5,11,10,116,5,6,9,37,11",20,5,30,0.867936507936508,0.0879558506150326,0.836461911018188,0.899411104854828,30.0741042765033,17.5257845879837,23.8025828060508,36.3456257469558,21.7325649651324,12.7193221770823,17.1810139790574,26.2841159512074,0.216358680542584,0.0448298473915194,0.200316525680896,0.232400835404272,0.383020247090289,0.0565103077336753,0.362798293175792,0.403242201004787,30.2061677685668
40,300,"random","13,13,5,13,5,13,5,6,5,5,10,5,9,8,10,5,5,5,13,5,8,5,5,5,5,11,13,5,8,13,6,5,5,5,13,6,5,9,5,5",7.5,5,30,0.771923076923077,0.0553145945363693,0.75212900348102,0.791717150365134,42.1719509420683,15.1999414102905,36.7327217637286,47.611180120408,29.3282859196855,10.7909609423604,25.466790139164,33.189781700207,0.284771269961548,0.0302956309582831,0.273930117654675,0.295612422268421,0.44090189207331,0.0311223964679226,0.429764885528432,0.452038898618189,42.4000278651453
2,1200,"random","434,766",600,434,30,1,0,1,1,1.09557118495038,0.642630205051474,0.865608919449019,1.32553345045175,1.052631944094,0.628014878914562,0.82789970588215,1.27736418230585,0.00160006109031099,0.00133754437214562,0.00112142698377601,0.00207869519684597,0.044065002515226,0.0290508801488559,0.0336692785649265,0.0544607264655255,1.09557118495038
3,1200,"random","259,855,86",400,86,30,1,0,1,1,3.3951614776933,1.60219390198766,2.82182375317094,3.96849920221566,3.16212016280028,1.49965864997279,2.62547420698369,3.69876611861687,0.00906537887554531,0.00492148907707821,0.00730424662731171,0.0108265111237789,0.0768090521422686,0.0294395034986271,0.0662742611122744,0.0873438431722628,3.3951614776933
5,1200,"random","274,385,184,159,198",240,159,30,1,0,1,1,3.6354619370503,1.3241766142406,3.16161142124658,4.10931245285403,3.3579452303481,1.2152269838014,2.92308183909033,3.79280862160587,0.00619802422617911,0.00303701205871139,0.00511124341835778,0.00728480503400044,0.0797574903316867,0.0251471798140565,0.0707586876057125,0.088756293057661,3.6354619370503
15,1200,"random","104,6,170,176,49,165,80,39,48,44,39,112,116,41,11",80,6,30,0.977777777777778,0.0404318956575415,0.963309409732148,0.992246145823407,21.8701531155608,19.9278819783648,14.7390521334314,29.0012540976902,18.8511460008958,17.7104004232711,12.5135606022364,25.1887313995552,0.0451822249378981,0.0157091593102728,0.0395607744742947,0.0508036754015016,0.172052473718279,0.0311406885448402,0.160908921437741,0.183196025998817,21.892375337783
40,1200,"random","35,53,9,37,17,10,28,14,12,13,13,15,14,13,49,5,47,163,160,9,6,11,11,13,40,65,25,48,5,18,5,56,37,71,5,5,41,6,11,5",30,5,30,0.899252136752137,0.0559823927438266,0.879219094790584,0.91928517871369,51.1193869505895,18.1721399051499,44.6165702003851,57.6222037007939,39.1655286126775,14.0767785138135,34.1282181150513,44.2028391103037,0.141265085570284,0.0281466551150686,0.131192934392721,0.151337236747847,0.306323294433233,0.0305557980211396,0.295389042538583,0.317257546327883,51.2201348138374
2,3000,"random","2983,17",1500,17,30,1,0,1,1,11.5441957811096,5.47049076795025,9.58660580087925,13.5017857613399,10.0993202318179,4.94119650146572,8.33113577233785,11.8675046912979,0.0431611496351221,0.0249237584608232,0.0342422972136107,0.0520800020566334,0.166899450341412,0.132422818936791,0.119512553168811,0.214286347514012,11.5441957811096
3,3000,"random","2482,50,468",1000,50,30,1,0,1,1,6.88268525398149,3.20760391645522,5.73485893386633,8.03051157409666,6.44677675621626,3.00713855519295,5.37068604433745,7.52286746809507,0.0109485782282775,0.00732557767923244,0.00832715392238516,0.0135700025341698,0.0691013608103294,0.0336351487486516,0.0570651774098064,0.0811375442108525,6.88268525398149
5,3000,"random","861,82,717,366,974",600,82,30,1,0,1,1,5.73119439803015,2.87826396576101,4.70122086570245,6.76116793035785,5.40845898075952,2.69653886195185,4.44351494166437,6.37340301985468,0.00561134709756987,0.00346742017754389,0.00437054672247815,0.00685214747266158,0.0597962199862501,0.0240164612470922,0.0512020397029491,0.0683904002695511,5.73119439803015
15,3000,"random","334,156,54,387,407,144,402,250,279,34,44,80,9,46,374",200,9,30,0.995555555555556,0.0169138754468308,0.989503002959075,1.00160810815204,19.0217812744872,8.08519611201351,16.1285310034507,21.9150315455238,16.9100025544565,7.28657596223798,14.302534833748,19.5174702751651,0.0218300993339841,0.00712255984491723,0.0192813240270796,0.0243788746408887,0.129724936740691,0.0325428956140717,0.11807961110464,0.141370262376741,19.0262257189317
40,3000,"random","23,172,23,39,147,28,17,211,33,27,111,7,20,23,63,5,37,14,5,69,329,8,28,156,83,51,145,5,93,133,113,117,24,228,13,20,50,79,132,119",75,5,30,0.963183760683761,0.0287709912472992,0.95288819369058,0.973479327676941,83.1345291298295,50.6904677642037,64.9951782018002,101.273880057859,68.4493437883399,41.3072189730705,53.6677453170273,83.2309422596526,0.0743348862494088,0.0155178341250825,0.0687819006240405,0.0798878718747772,0.213045001245736,0.0183871132378513,0.206465257276391,0.219624745215081,83.1713453691458
2,6000,"random","3706,2294",3000,2294,30,1,0,1,1,1.01109098745666,0.602483108096526,0.795495176094067,1.22668679881925,0.990443350507187,0.588125488347983,0.779985347387392,1.20090135362698,0.000266907131873502,0.000239636993593308,0.000181154135031036,0.000352660128715969,0.0209475494100737,0.0110688014651547,0.0169866296753595,0.0249084691447878,1.01109098745666
3,6000,"random","1835,998,3167",2000,998,30,1,0,1,1,2.01228132589146,0.812243972224231,1.72162355331205,2.30293909847087,1.95206938570698,0.787009556778362,1.67044163272347,2.23369713869048,0.000578477107415448,0.000342922762351473,0.000455763772899816,0.000701190441931079,0.0304200995007594,0.012403307139454,0.0259816330435695,0.0348585659579494,2.01228132589146
5,6000,"random","3662,1225,97,704,312",1200,97,30,1,0,1,1,7.93601525698705,2.45935944657996,7.05594478166228,8.81608573231182,7.50054524371031,2.31047696959196,6.67375167854707,8.32733880887355,0.00462322715045376,0.00211135766076262,0.00386768751484989,0.00537876678605763,0.0589788006305256,0.0169357037204642,0.052918436886643,0.0650391643744083,7.93601525698705
15,6000,"random","64,144,210,612,7,206,5,360,109,245,491,1234,386,1885,42",400,5,30,0.946984126984127,0.0583176089973699,0.926115438618345,0.967852815349909,60.9950271653593,38.2338403245922,47.3132231188838,74.6768312118348,53.0788062892325,34.1035080293252,40.8750226725888,65.2825899058762,0.0509409536207868,0.0200810390251067,0.0437550460933543,0.0581268611482192,0.15440585543611,0.040394798856215,0.139950762310348,0.168860948561873,61.0480430383752
40,6000,"random","32,416,31,239,23,5,218,436,574,101,224,173,286,150,52,177,402,195,13,166,22,35,232,93,140,122,90,5,23,118,194,18,98,24,104,44,264,127,326,8",150,5,30,0.967094017094017,0.0242554067394599,0.958414331264409,0.975773702923625,76.6376286297326,39.3156373532338,62.5687084882408,90.7065487712244,65.7522997271657,34.548312029889,53.3893450431341,78.1152544111972,0.049241362975276,0.0115205302558089,0.0451187941688649,0.0533639317816872,0.16859009748402,0.0211658165404121,0.161016007308116,0.176164187659923,76.6705346126386
2,30000,"random","17170,12830",15000,12830,30,1,0,1,1,1.04038791249063,0.526752410761065,0.851891983129175,1.22888384185208,1.03152336162987,0.522678688249557,0.844485195147299,1.21856152811245,5.05268449057424e-05,3.35737522335615e-05,3.85126319659805e-05,6.25410578455043e-05,0.00904691121247605,0.00498221593560048,0.00726404813700652,0.0108297742879456,1.04038791249063
3,30000,"random","15593,5347,9060",10000,5347,30,1,0,1,1,2.05134385878273,0.846343614816101,1.7484836858157,2.35420403174975,2.02764141321747,0.837176099198497,1.72806179358247,2.32722103285247,0.000108793791859364,6.89426774683735e-05,8.4122971571533e-05,0.000133464612147195,0.0122616413417605,0.00348973908372222,0.0110128542486653,0.0135104284348558,2.05134385878273
5,30000,"random","14356,643,7007,4021,3973",6000,643,30,1,0,1,1,5.62857293506849,2.37425445576095,4.77895688958591,6.47818898055107,5.5123078220124,2.31952537083449,4.68227632804883,6.34233931597597,0.000631350761715096,0.000338596463765442,0.000510185573265831,0.00075251595016436,0.0209910478981393,0.00691387726405471,0.0185169486937406,0.0234651471025379,5.62857293506849
15,30000,"random","2269,90,966,40,4980,2540,1341,2765,5077,1687,177,1733,1352,4639,344",2000,40,30,1,0,1,1,27.6442906630521,9.23292765442943,24.3403299342645,30.9482513918397,26.2386242015754,8.75699090382039,23.1049752517006,29.3722731514501,0.0054806452532973,0.00254175346404509,0.00457109045748603,0.00639020004910857,0.0533050955093999,0.00851873085353117,0.0502567068235343,0.0563534841952655,27.6442906630521
40,30000,"random","270,2041,444,54,161,700,1353,2978,559,581,884,510,9,815,706,236,481,1000,1949,384,405,10,200,1269,2192,291,1235,679,977,962,2002,390,692,158,511,576,474,463,238,161",750,9,30,0.995833333333333,0.0094762255447363,0.992442309572639,0.999224357094028,80.6624628164106,29.4090761884035,70.1385600595432,91.186365573278,74.8267679897194,27.294808942066,65.0594460502821,84.5940899291567,0.0133093618606401,0.00492764602801589,0.0115460263758093,0.0150726973454709,0.078298991694006,0.0137031760633187,0.0733953731163009,0.0832026102717111,80.6666294830773
2,2e+05,"random","77267,122733",1e+05,77267,30,1,0,1,1,1.04193284881096,0.613084289343413,0.822543453459693,1.26132224416223,1.03738228868397,0.610104019187312,0.819059369311442,1.25570520805649,7.61875441942135e-06,5.50813898841333e-06,5.64769219652061e-06,9.5898166423221e-06,0.00385564284952699,0.00215868187033774,0.00308316846301752,0.00462811723603645,1.04193284881096
3,2e+05,"random","9284,35345,155371",66666.6666666667,9284,30,1,0,1,1,3.45788937407577,2.20968739789619,2.66716289393884,4.24861585421269,3.433384688575,2.19785985358991,2.64689064081148,4.21987873633851,5.72088480359846e-05,5.18935720501695e-05,3.86389717684049e-05,7.57787243035642e-05,0.00766148409699804,0.00292607343782857,0.00661440216481198,0.0087085660291841,3.45788937407577
5,2e+05,"random","24904,26207,114066,34811,12",40000,12,30,0.98,0.0610257153258729,0.958162228230379,1.00183777176962,119.690668339332,72.6087424776866,93.707963536285,145.673373142379,110.078046089535,67.5111848662941,85.9194788505571,134.236613328513,0.0280732730046567,0.0190688059518632,0.0212495884305009,0.0348969575788126,0.0929362967488049,0.0576020908535572,0.0723236532624341,0.113548940235176,119.710668339332
15,2e+05,"random","12368,80847,13872,13829,2723,5620,5,12430,11532,979,9845,6593,18426,1714,9217",13333.3333333333,5,30,0.98,0.0397308955512292,0.965782481620784,0.994217518379216,253.185994642306,189.117399348189,185.511202424358,320.860786860254,239.085732446434,175.685336299539,176.217542259864,301.953922633005,0.027896080021786,0.0175332067039619,0.021621902581241,0.034170257462331,0.0557914320919679,0.0217358884753435,0.0480133442940646,0.0635695198898713,253.205994642306
40,2e+05,"random","9591,609,3779,2183,237,861,6047,6981,8487,5487,5506,4951,3741,10254,7921,922,1116,9671,1278,160,3276,2982,1208,1745,1385,3811,135,548,5000,6571,5226,7761,7267,17115,11424,17894,2763,2739,8305,3063",5000,135,30,1,0,1,1,47.5526158170848,14.7319055441587,42.2808711224583,52.8243605117113,46.2676709855831,14.2883165003266,41.1546625916617,51.3806793795045,0.00119400709818979,0.000351950331926272,0.00106806328939039,0.00131995090698919,0.0276020084330233,0.00306023813733728,0.0265069162797073,0.0286971005863394,47.5526158170848
